»ó¼ö´ë¿ª,»ó¼ö,¿øº»·¹º§,songno,diff,°î¸í,³ëÆ®¼ö
12,12,10,993,ura,?(×ê),1070
12,12,10,765,ura,ð¯×¿ô¸ØªèÝ(×ê),1582
12,12,10,1227,ura,23ãÁ54ÝÂ¡¢åÕªÎÕéÖØªØªÎ«×«ì«ê«å?«É(×ê),1423
12,12,10,1043,ura,ñó?ªÈõÝ?ªÎü£áÖ(×ê),1170
11,11.9,10,765,oni,ð¯×¿ô¸ØªèÝ,1396
11,11.9,10,849,oni,poxei?DOON,1210
11,11.9,10,336,oni,Infinite Rebellion,1304
11,11.9,10,954,ura,Central Dogma Pt.1(×ê),1259
11,11.8,10,1129,ura,ãê? ¢¦Shinryu¢¦(×ê),1365
11,11.8,10,463,oni,êëúÜ«Î?,1262
11,11.8,10,960,ura,Vixtory(×ê),1240
11,11.8,10,120,oni,«É«ó«««Þ2000,765
11,11.7,10,721,ura,«À«ó«¬«ó«Î?«Ä(×ê),1167
11,11.7,10,1278,oni,¢Ó¢Ó¢Ó«««ª«¹«¿«¤«à the DARK¢Ó¢Ó¢Ó,1000
11,11.7,10,1072,ura,The Future of the ÷¼ÍÕ«É«é«à(×ê),1400
11,11.7,10,1032,ura,Emma(×ê),1074
11,11.7,10,1048,ura,«¢«ó«ê«ß«Æ«Ã«É«²?«à«º(×ê),1210
11,11.6,10,1122,ura,ÎÊÕ³ÒÁÔ¦(×ê),1108
11,11.6,10,834,ura,òðù¦ÒÁÔ¦(×ê),1083
11,11.6,10,1216,ura,CUT! into the FUTURE(×ê),1338
11,11.6,10,1172,oni,Destination 2F29,995
11,11.6,10,1040,oni,?Øå??,1085
11,11.5,10,1196,ura,«é?«â«ì?«Ê?«¯«â«Ê«¤(×ê),1119
11,11.5,10,1319,ura,«ª«Ú«ì?«È?«ß?(×ê),1337
11,11.5,10,1080,ura,åö -à¼ªÊªëãêªÈª³ªÎá¦ªÎ?ªËªÄª¤ªÆ-(×ê),1195
11,11.5,10,627,oni,ªÞªÀªµª¤ª¿ªÞ2000,999
11,11.5,10,393,oni,??«Î?,970
11,11.4,10,518,oni,!!!«««ª«¹«¿«¤«à!!!,987
11,11.4,10,1120,ura,ª½ª·ªÆé¸íºªÏØùªêªËªÄª¯(×ê),1316
11,11.4,10,856,ura,Calamity Fortune(×ê),1217
11,11.4,10,868,ura,«â«Î«¯«í«Ü«¤«¹(×ê),1305
11,11.4,10,555,oni,¡ÁMM,1290
11,11.4,10,503,oni,«Á«ã?«ê? «À«Ã«·«å£¡,858
11,11.3,10,1276,ura,ªÈª±ªë(×ê),982
11,11.3,10,1236,oni,!!!«Á«ë«ÎªÎ«Ñ?«Õ«§«¯«Èªµªóª¹ª¦«¿«¤«à!!!,999
11,11.3,10,1249,ura,õÌÍýªÎØªÛöÞÅª¤(×ê),1167
11,11.3,10,1215,ura,Nosferatu(×ê),1353
11,11.3,10,1145,ura,L¥Ächesis(×ê),1024
11,11.3,10,816,ura,àøàÚ«¹«È«é«Ã«¯(×ê),1044
11,11.2,10,764,oni,Coquette,1022
11,11.2,10,1317,oni,POLARiSNAUT,1234
11,11.2,10,1310,ura,Genesis Ray(×ê),1414
11,11.2,10,451,ura,Xa(×ê),904
11,11.2,10,858,oni,UFO Swingin',756
11,11.2,10,283,ura,ôøëå«ß«¯ªÎá¼ã÷?Ð¼íÞ÷ú?(×ê),999
11,11.1,10,1052,ura,?ßÌúÞ?ªÎ«Æ«ì«¹«³?«×(×ê),1176
11,11.1,10,896,oni,???«É«ì?2000,940
11,11.1,10,890,oni,ªïªéÔðªë2000,818
11,11.1,10,401,oni,«¹?«Ï?2000,668
11,11.1,10,778,oni,¥ë7708,788
11,11.1,10,700,ura,Taiko Drum Monster(×ê),1044
11,11,10,1099,oni,Challengers,753
11,11,10,866,ura,Þ¼? ¢¦Kooryu¢¦(×ê),1059
11,11,10,243,oni,Ø²Íü«¤«à£­ìé«Îä¨,999
11,11,10,186,oni,Hurtling Boys,903
11,11,10,869,oni,ßµÔþØ²ßÚ,984
11,11,10,1041,oni,¢Ó«Ð«Á!«à«Á!?«Þ«Ã«¹«ë«­«ó«°«À«à¢Ó,961
11,11,10,892,oni,Ø­ØÇë«ãæÓÉ,1109
10,10.9,10,758,oni,ouroboros -twin stroke of the end-,1134
10,10.9,10,990,oni,îåªÈÛÜíùÚ¹ªÎØªÒ³,1111
10,10.9,10,110,oni,DEBSTEP!,888
10,10.9,10,716,ura,ù¨ªÏâÁãÁªÎë¯ûã(×ê),916
10,10.9,10,972,ura,«é«Ñ«¹ªÎûö(×ê),909
10,10.9,10,748,oni,Behemoth,999
10,10.9,10,777,oni,«««é«Õ«ë,739
10,10.8,10,763,oni,ªÞªëª¯ªÆªÏªäª¯ªÆª¹ªµªÞª¸ª¤«ê«º«à,978
10,10.8,10,1066,oni,ª¿ª¤ª³ªÎ2000,1008
10,10.8,10,441,oni,¥öÓÈ,951
10,10.8,10,1227,oni,23ãÁ54ÝÂ¡¢åÕªÎÕéÖØªØªÎ«×«ì«ê«å?«É,987
10,10.8,10,1318,ura,Irregular Clock(×ê),1159
10,10.8,10,850,oni,«³«Í«¯«È«««é?«º,872
10,10.8,10,959,ura,Õ¢àÁñ²üÞÏùÔ³(×ê),969
10,10.7,10,628,oni,áÖªÍ?,976
10,10.7,10,702,oni,?ñéïÔê®ªòò¥ªÄá´Ò³,827
10,10.7,10,958,ura,??ªÏê«ôøªËÙñª¦(×ê),914
10,10.7,10,820,oni,«Ç«Ã«É?«ª«¢?«À«¤,1096
10,10.7,10,593,oni,ÕÒÔÐÍ·CJ ¢¦çðû¼Øü÷¼ÍÕ«Ö«é«¶?«º¢¦,787
10,10.7,10,819,ura,«««é«Õ«ë«Ü«¤«¹(×ê),1121
10,10.7,10,1308,ura,GIGALODOON(×ê),1090
10,10.7,10,775,ura,«Ñ«ó vs ª´ªÏªó£¡ ÓÞÌ½?£¡(×ê),824
10,10.6,10,1256,ura,?ßæ¡´TENSEI¡µ-ýì?ò¤ª¬ÓâªÄ?íº-(×ê),999
10,10.6,10,999,oni,Central Dogma Pt.2,975
10,10.6,10,775,oni,«Ñ«ó vs ª´ªÏªó£¡ ÓÞÌ½?£¡,824
10,10.6,10,1086,oni,Player's High,913
10,10.6,10,826,oni,«¢«à«Ô«È?«ê?«Æ?,833
10,10.6,10,760,oni,?ô¸ªÎÕóÙ¥,1000
10,10.6,10,1031,ura,"Hello, Worldooon!!(×ê)",954
10,10.6,10,265,oni,?«É«ì?2000,1414
10,10.5,10,955,oni,Õ©ðÛüßÕÆ,900
10,10.5,10,626,ura,Ú¸ª·ª¯ØÏª·ª­«É«Ê«¦(×ê),1038
10,10.5,10,845,ura,Dreadnought(×ê),1075
10,10.5,10,33,oni,UNDEAD HEART(ÒÁªêªÎWarriors),1134
10,10.5,10,553,ura,BLAZING VORTEX(×ê),1208
10,10.5,10,757,oni,Xevel,1129
10,10.5,10,1235,ura,Unwelcome School (MRM REMIX)(×ê),1244
10,10.5,10,745,oni,«×«Á«Ý«Á,877
10,10.4,10,1108,oni,ÐìÛ°¡¢Ì­?,994
10,10.4,10,818,oni,Don't Stop the Game,846
10,10.4,10,1255,oni,ï³?ü³å¨ªÎàøåëçÉ,901
10,10.4,10,685,oni,HARDCORE«ÎãýÔð,885
10,10.4,10,761,oni,EterNal Ring,902
10,10.4,10,928,oni,Parousia,787
10,10.4,10,1309,ura,«³«³«É«³£¿ÒýÝÂ«É«Ã««Óö£¡(×ê),939
10,10.4,10,309,ura,«Ê«¤«È«á«¢?«µ«Ð«¤«Ð?(×ê),876
10,10.4,10,971,oni,àøùÁìéô¸,858
10,10.3,10,218,ura,FLOWER(×ê),873
10,10.3,10,1320,ura,for Q(×ê),1111
10,10.3,10,15,ura,?ªÈ?æúªÎ?ÏÖ(×ê),932
10,10.3,10,442,oni,VERTeX,806
10,10.3,10,756,oni,GERBERA,973
10,10.3,10,1081,ura,ªáª¿ªáª¿¡ÙªæªËªÐ¢¦ª¹ªÃ£¡(×ê),876
10,10.3,10,814,oni,ûä«ëÜôûú,996
10,10.3,10,961,oni,Stick Trick ShowTime!!,918
10,10.3,10,1121,ura,SUPERNOVA(×ê),1103
10,10.2,10,1324,oni,«¤«ª«·«¹õÕªÎøïãÝð®2024,811
10,10.2,10,495,oni,?ÍØ£¯?äá,993
10,10.2,10,1214,ura,GORI ¡¿ GORI ¡¿ SafaRI(×ê),1054
10,10.2,10,1042,oni,Ê¾? ¢¦Kokuryu¢¦,885
10,10.2,10,881,ura,MEGALOVANIA(×ê),1072
10,10.2,10,835,oni,What's in the box?,750
10,10.2,10,905,oni,memoria ficta,747
10,10.2,10,1216,oni,CUT! into the FUTURE,989
10,10.2,10,960,oni,Vixtory,912
10,10.1,10,181,ura,8OROCHI(×ê),1001
10,10.1,10,781,oni,ARMAGE¥ÄDON,999
10,10.1,10,859,oni,ô¸ëèªÎ×È,821
10,10.1,10,851,oni,??Ø²íÛãê?,1141
10,10.1,10,1085,oni,ûÁ,1138
10,10.1,10,860,oni,ªËªã?ªËªã?ªËªã?,859
10,10.1,10,843,oni,ªâªÚªâªÚ,501
10,10.1,10,286,oni,êÅ?Ù¤,973
10,10.1,10,365,oni,Öúê««ÎÙñ,822
10,10.1,10,697,oni,Ð¿?,944
10,10,10,698,oni,ÒÁ÷Ù,1194
10,10,10,1237,ura,Mood Swing(×ê),962
10,10,10,264,ura,«á«««Ç«¹¡£(×ê),999
10,10,10,737,oni,«È«¤«Þ«Á«Ã«¯¡Ù«Ñ«ì?«É!!,851
10,10,10,1097,ura,ON SAY GO SAY(×ê),621
10,10,10,94,oni,ÒÀÚ¥ÒÁù¾,1000
10,10,10,952,oni,«Æ«È«é«ê«å«È«â«¹«Õ«©«Ó«¢,717
10,10,10,982,oni,ªÒªèª³ÊüïÒÞÍªµªó,852
10,10,10,993,oni,?,692
10,10,10,1201,ura,«É«É«É«É«É«óªÀ«Õ«ë£¡(×ê),889
9,9.9,10,992,oni,LECIEL GLISSANDO,757
9,9.9,10,723,oni,Ýú«Ê«ë«á«¸«§«É«ÎÝè«Ê«ëéØê¦,818
9,9.9,10,1311,ura,ª¢ªáªÕªêªÎ«í«ó«É(×ê),897
9,9.9,10,164,ura,Got more raves?(×ê),824
9,9.9,10,575,oni,«³«³«í«Ü,620
9,9.9,10,1247,oni,«â«Î«¯«í?«à«æ?«È«Ô«¢,682
9,9.9,10,1197,ura,Re£ºEnd of a Dream(×ê),999
9,9.9,10,1129,oni,ãê? ¢¦Shinryu¢¦,973
9,9.9,10,1043,oni,ñó?ªÈõÝ?ªÎü£áÖ,722
9,9.9,10,954,oni,Central Dogma Pt.1,876
9,9.8,10,1072,oni,The Future of the ÷¼ÍÕ«É«é«à,974
9,9.8,10,577,oni,õ±ï¾ÐüÎåÍ§á´Ò³,803
9,9.8,10,1104,oni,Aragami,839
9,9.8,10,1229,oni,Chronomia,969
9,9.8,10,594,oni,Gloria,888
9,9.8,10,699,oni,Scarlet Lance,1000
9,9.8,10,148,oni,FUJIN Rumble,751
9,9.8,10,1048,oni,«¢«ó«ê«ß«Æ«Ã«É«²?«à«º,833
9,9.8,10,834,oni,òðù¦ÒÁÔ¦,772
9,9.8,10,202,ura,Honey Heartbeat ¢¦10 Stars Mix¢¦(×ê),765
9,9.8,10,402,ura,Rotter Tarmination(×ê),943
9,9.7,10,1146,ura,«Ø«¤«é(×ê),819
9,9.7,10,1264,ura,«Ø«¤«é(ªËª¸ªµªóª¸)(×ê),819
9,9.7,10,735,ura,Dï¾?£¡SAMURAI«¤«ó«¶«ì«¤«ó(×ê),1000
9,9.7,10,355,oni,ªÞª¿ªµª¤ª¿ªÞ2000,835
9,9.7,10,833,oni,Goldfish City,876
9,9.7,10,1071,oni,exìÙ Trap!!,888
9,9.7,10,720,oni,äî want U,949
9,9.7,10,1012,oni,4+1ªÎª½ªìª¾ªìªÎÚ±?,876
9,9.7,10,868,oni,«â«Î«¯«í«Ü«¤«¹,961
9,9.7,10,595,oni,«¢«µ«¬«ª,765
9,9.7,10,934,oni,ANiMA,839
9,9.6,10,804,ura,Altale(×ê),820
9,9.6,10,95,ura,ÛÜðèªÎûÉ(×ê),861
9,9.6,10,519,ura,õÕ? ¢¦Shiuryu¢¦(×ê),1045
9,9.6,10,493,ura,«¦«ë«È«é«Þ«óX(×ê),1035
9,9.6,10,736,ura,ìÑªÎªªÑÑªÇ?ë¿ªòãÝª·ª¿ª¤£¡(×ê),829
9,9.6,10,762,oni,Toon Town's Toys' Tune,659
9,9.6,10,171,oni,ñìÑÑ?«Õ«å?«®«Æ«£«Ö,653
9,9.6,10,179,oni,ªÏª¿«é«¯2000,876
9,9.6,10,786,oni,ô¸ù»÷Öìé?,988
9,9.6,10,1039,oni,ÍÕÙñÍØ¡¸ç¢Øª¡¹,979
9,9.6,10,1049,oni,ãçàø«È?,904
9,9.5,10,1173,oni,«¢«­«Ð20XX,819
9,9.5,10,700,oni,Taiko Drum Monster,850
9,9.5,10,1050,oni,"Hello, Mr.JOKER",821
9,9.5,10,121,oni,Doom Noiz,961
9,9.5,10,1276,oni,ªÈª±ªë,788
9,9.5,10,1171,ura,Íìñ´ÍÕð®(×ê),870
9,9.5,10,1037,oni,BATTLE NO.1,985
9,9.5,10,1297,oni,SAVAGE DELIGHT,858
9,9.5,10,681,ura,«Á«ë«ÎªÎ«Ñ?«Õ«§«¯«Èªµªóª¹ª¦?ãø ¨ïñ²Ò´«Ð?«¸«ç«ó(×ê),909
9,9.5,10,80,ura,Ö£ã§ÍØOp.10-4(×ê),948
9,9.5,10,1268,ura,ª­ªåª¦ª¯ªéªêªó(×ê),862
9,9.5,10,1220,ura,Destr0yer(×ê),804
9,9.4,10,722,oni,äñªÈ?ñªªÎßµ,832
9,9.4,10,1068,oni,Spectral Rider,748
9,9.4,10,338,oni,ª­ª¿ªµª¤ª¿ªÞ2000,802
9,9.4,10,1100,ura,Kill My Fortune(×ê),1107
9,9.4,10,360,oni,Angel Halo,898
9,9.4,10,1067,oni,Agent Hustle & Dr. Hassle,693
9,9.4,10,477,oni,í¹üÓ«Î?,823
9,9.4,10,335,oni,Purple Rose Fusion,876
9,9.4,10,630,oni,ô¸ðÎ,858
9,9.4,10,570,oni,«´?«¹«È«Þ«¹«¯,899
9,9.4,10,154,ura,Garakuta Doll Play(×ê),715
9,9.4,10,1134,oni,Aleph-0,579
9,9.3,10,84,ura,«««ë«á«ó ðÚÍØìéÛãðûÍØ(×ê),957
9,9.3,10,935,oni,MagiCatz,732
9,9.3,10,222,ura,«á«¿«Ê«¤«ÈªÎæ½ã©«á«É«ì?(×ê),1000
9,9.3,10,1308,oni,GIGALODOON,773
9,9.3,10,571,oni,ã¯ìãé°Q,899
9,9.3,10,721,oni,«À«ó«¬«ó«Î?«Ä,923
9,9.3,10,784,oni,ð¢,881
9,9.3,10,878,oni,Caribbean Knight,806
9,9.3,10,136,oni,Evidence of evil,814
9,9.3,10,943,oni,«¯«é«Ý«ë«Ý«ë«¹««,723
9,9.3,10,427,oni,God Ray,777
9,9.3,10,450,oni,ÒØûõ,950
9,9.3,10,1257,oni,ÒØûõ(ªËª¸ªµªóª¸),950
9,9.2,10,388,oni,ª½ªÄªªªáª·ª­,797
9,9.2,10,798,oni,ª¢ªÎìíõó?ª¨ª¿«­«»«­,903
9,9.2,10,867,oni,ª¦ªÁªåª¦ªÒª³ª¦ª·Ù³?ÓÉ,797
9,9.2,10,520,ura,Silent Jealousy(×ê),1408
9,9.2,10,266,ura,«É«É«ó«¬«É¢¦«ó(×ê),876
9,9.2,10,940,oni,wonderful ROUTINE,777
9,9.2,10,1185,oni,ÍÕØ¡ª¢ªªªÏªë?ê®ÎèÊ°,613
9,9.2,10,906,oni,«Ú«Ã«È«·«ç«Ã«×ÓÞ?,696
9,9.2,10,537,ura,«®«¬«ó«Æ«£«Ã«¯O. T. N(×ê),1083
9,9.2,10,68,oni,Calculator,777
9,9.2,10,677,oni,ª½ªÄªªªáª·ª­2ªÐªó,792
9,9.2,10,774,oni,«Ï«ó«í«Ã«¯,611
9,9.1,10,1027,ura,ù¾ð®ªê / «¸«Ã«¿«ê«ó?«¸«ó(×ê),847
9,9.1,10,220,oni,«««éÏÓªÎü£,774
9,9.1,10,73,ura,Black Rose Apostle(×ê),915
9,9.1,10,272,ura,«ß«å?«¸«Ã«¯?«ê«Ü«ë«Ð?(×ê),777
9,9.1,10,504,ura,Abyss of hell(×ê),1100
9,9.1,10,920,ura,«´«Ã«É«½«ó«°(×ê),914
9,9.1,10,128,oni,D's Adventure Note,872
9,9.1,10,689,ura,«´?«´??«­«Ã«Á«ó(×ê),940
9,9.1,10,803,oni,FREEDOM DIVE¡é,1024
9,9.1,10,983,oni,YOAKE,965
9,9.1,9,331,oni,«·«ó?«¾«ó«Ó,794
9,9.1,10,856,oni,Calamity Fortune,1069
9,9.1,10,538,oni,õÌðûÐ¡õåØÙ«Õ«é«ó«É?«ë?S,945
9,9,9,1271,ura,«é?«««ó«Ñ«Í«é(×ê),705
9,9,10,719,oni,SORA-VII «·«°«Ê«¹«¦«©?«ë,839
9,9,10,194,oni,Ignis Danse,818
9,9,10,1106,oni,Libera Ray,860
9,9,9,48,ura,«¢«µ«ë«È BGM1(×ê),761
9,9,10,269,oni,«á«¿«ë«Û?«¯ BGM1,765
9,9,10,1318,oni,Irregular Clock,905
9,9,10,448,ura,ß²?ô¹?Ùñ(×ê),639
9,9,10,499,oni,«ÎªëªÉªó2000,936
9,9,10,156,ura,KAGEKIYO(×ê),999
9,9,10,1,oni,ªÆªóªÂª¯2000,831
9,9,10,1147,oni,Illusion Flare,766
9,9,9,150,ura,ÔÏ? ¢¦Toryu¢¦(×ê),687
8,8.9,10,714,oni,OK I¡¯m blue rat,816
8,8.9,10,927,oni,Dogbite,817
8,8.9,10,980,oni,VIVIVIVID,668
8,8.9,10,759,oni,Surf Zapping,840
8,8.9,9,310,ura,?íìíÈÖ®«¬?«ë(×ê),710
8,8.9,10,1133,ura,Doppelgangers(×ê),929
8,8.9,10,977,oni,Diving Drive,892
8,8.9,10,181,oni,8OROCHI,958
8,8.9,10,1035,ura,«Þ«Ä«è«¤«Ê«¤«È«Ð«°(×ê),1089
8,8.9,9,750,oni,CYBERgenicALICE,645
8,8.9,9,1260,oni,CYBERgenicALICE(ªËª¸ªµªóª¸),645
8,8.9,10,392,oni,ä¨ÖÚÚï2000,765
8,8.9,10,815,oni,«é«ô¢½«¹«Ñ«¤«¹¢½«é«¤«¯«æ?!!!,934
8,8.9,10,1121,oni,SUPERNOVA,937
8,8.8,9,375,oni,Shiny Kung-fu Revival,765
8,8.8,9,1140,ura,«¹««?«ì«Ã«ÈÌíóÌªÎ«²«Ã«È?«Ñ«È«í?«ë24ãÁ(×ê),879
8,8.8,9,1051,oni,punk bastards,749
8,8.8,10,400,ura,«»«¤«¯«ê«Ã«É «ë«¤«ó(×ê),1000
8,8.8,10,399,ura,«Ô«³«Ô«³ «ë«¤«ó(×ê),1000
8,8.8,10,1319,oni,«ª«Ú«ì?«È?«ß?,719
8,8.8,10,831,ura,«²«²«²ªÎÐ¡÷¼?(×ê),390
8,8.8,9,221,ura,ù¾? ¢¦Karyu¢¦(×ê),800
8,8.8,10,574,oni,SstTAarR*,848
8,8.8,10,131,oni,EkiBEN2000,876
8,8.8,10,673,oni,No Gravity,674
8,8.8,9,914,oni,«·«ó«¯«í«Ë««?«¨«¢«é«¤«ó,759
8,8.8,10,1033,ura,Aloft in the wind(×ê),784
8,8.8,9,819,oni,«««é«Õ«ë«Ü«¤«¹,876
8,8.7,10,1168,ura,«ª?«Ð?«É(×ê),733
8,8.7,10,621,oni,«ª?«ÖªÎÑ·ªê,1062
8,8.7,10,1144,ura,×¿ÜâªÎíùÚ¹ªÈóúªÎÊ°(×ê),1177
8,8.7,10,1154,oni,×¿ü¤ªÎÙñ,708
8,8.7,10,361,ura,Venomous(×ê),765
8,8.7,10,816,oni,àøàÚ«¹«È«é«Ã«¯,711
8,8.7,10,1279,oni,«­«ã«é«á«ë?«¸«ã«ó«­«ð,880
8,8.7,10,456,oni,INSPION,1052
8,8.7,10,958,oni,??ªÏê«ôøªËÙñª¦,740
8,8.7,9,324,ura,Phantom Rider(×ê),765
8,8.7,9,55,oni,Pastel Sealane,850
8,8.7,9,96,oni,ô¶ÍÕô¶ÍÕ,776
8,8.7,10,635,oni,âÎñ¥ñýÑû,686
8,8.7,9,524,oni,New World,725
8,8.6,10,1022,ura,«¦«£?«¢?£¡(×ê),830
8,8.6,10,45,ura,óïªÎàÁ×È(×ê),976
8,8.6,10,73,oni,Black Rose Apostle,876
8,8.6,9,248,ura,LOVE?!!(×ê),942
8,8.6,10,513,oni,ñ¹ªÎàÁ×È,902
8,8.6,10,60,ura,å¨?Þóë¿ð®(×ê),942
8,8.6,10,425,ura,«¿«¤«³«¿«¤«à(×ê),876
8,8.6,10,734,oni,«¹?«Ñ?D&D ¢¦èÇîïªË«ê?«Éª·ªÆ«¢«¤«Þ«¤«ß?¢¦,1000
8,8.6,10,846,oni,«­«å?«Æ«£?¡Ù«Ç«â«Ë«Ã«¯¡ÙØªìÑ«¨«â!!,1075
8,8.6,9,572,oni,Princess of Donder,765
8,8.6,10,938,ura,ÖÃªÎÎßúÂÍØ(×ê),893
8,8.6,10,641,oni,VICTORIA,858
8,8.6,9,797,oni,PAC-MAN CHAMPIONSHIP EDITION 2,657
8,8.6,10,811,ura,ª¢ªÊª¿ªÈ«È«¥«é«Ã«¿«Ã«¿¢Ü(×ê),468
8,8.6,9,615,oni,ô¸Ï·?í­,734
8,8.5,10,929,oni,waitin' for u,762
8,8.5,9,640,oni,Abandoned Temple Final 2nd,614
8,8.5,9,994,oni,«Ñ«é«ì«ë«í«ê«Ý«Ã«×,707
8,8.5,9,283,oni,ôøëå«ß«¯ªÎá¼ã÷?Ð¼íÞ÷ú?,765
8,8.5,9,713,oni,SHOGYO MUJO,765
8,8.5,9,776,ura,GO GET'EM!(×ê),648
8,8.5,9,5,oni,«¤«ª«·«¹õÕªÎë¿ãÝð®2014,848
8,8.5,10,879,oni,«¿«¤«³«í?«ë,876
8,8.5,10,452,oni,X-DAY2000,765
8,8.5,10,724,oni,ªè?ª¤«É«ó£¡,777
8,8.5,10,730,ura,«Ò«Ð«Ê(×ê),1037
8,8.5,9,967,oni,Hand Over (Prod. TEMPLIME),651
8,8.5,10,686,oni,R.I.,925
8,8.5,9,178,ura,õð? ¢¦Haryu¢¦(×ê),833
8,8.5,10,118,ura,ªµªÁªµªÁªËª·ªÆª¢ª²ªë¢Ü(×ê),743
8,8.4,10,779,oni,Clotho «¯«í?«È?,983
8,8.4,10,414,ura,«Á«ë«ÎªÎ«Ñ?«Õ«§«¯«Èªµªóª¹ª¦?ãø(×ê),939
8,8.4,10,1158,oni,ãÌÏÄ÷Í?÷¹÷Í,680
8,8.4,9,549,oni,«««°«Ä«Á,716
8,8.4,9,1047,oni,æ×ª¨ªè«µ«Õ«¡«¤«¢,788
8,8.4,9,975,oni,ÐúØÐªÎêÅ,839
8,8.4,9,351,oni,EDY -«¨«ì«¯«È«ê«««ë«À«ó«·«ó«°«è«¬-,765
8,8.4,9,558,oni,«ª?«ë?«¤«ó?«Þ«¤«Ï?«È,704
8,8.4,9,31,oni,?ÍöÊàë´ç¶ac12.5,777
8,8.4,10,404,oni,«¿«Ù«ë«Ê2000,821
8,8.4,10,715,oni,Blessed Bouquet Buskers,868
8,8.4,10,363,oni,Kamikaze Remix,737
8,8.4,9,260,oni,ØªÛ°òæ ?«µ«â«ó?«Ç«ë«¿?,600
8,8.4,9,1058,ura,ÓÞû¿ª­ªÊ÷¼ÍÕªÎëå(×ê),876
8,8.4,9,500,ura,ýñØÐªØªÎ«á«í«Ç«£?(×ê),931
8,8.3,10,1020,ura,??ðàïÚªÎ«ê«Ð?«¹«·«ó«Ç«ì«é(×ê),707
8,8.3,9,16,oni,äáªÎØªÛöá´Ò³,1158
8,8.3,9,517,oni,å¨Ù¥ª±ªÞªÇª¢ªÈ3õ©,814
8,8.3,9,1015,oni,ªæªéªá,614
8,8.3,9,1215,oni,Nosferatu,876
8,8.3,9,864,oni,TD - 28619029byte remix -,882
8,8.3,9,356,oni,ªÏªäªµª¤ª¿ªÞ2000,570
8,8.3,9,1245,oni,Ò³ãêªÊá¦Í£ ¥°,632
8,8.3,9,1325,oni,«â«ë«Õ«©,714
8,8.3,9,80,oni,Ö£ã§ÍØOp.10-4,852
8,8.3,10,371,oni,àÁù¦«ÎÙñ¡¼ô¸¡½,616
8,8.3,10,371,ura,àÁù¦«ÎÙñ¡¼ô¸¡½(×ê),599
8,8.3,10,695,oni,?Ìö«É«Ã«Ú«ë«²«ó«¬?,901
8,8.3,9,1304,ura,who are you? who are you?(×ê),949
8,8.3,9,1052,oni,?ßÌúÞ?ªÎ«Æ«ì«¹«³?«×,742
8,8.2,9,1013,oni,Amber Light,634
8,8.2,9,1067,ura,Agent Hustle & Dr. Hassle(×ê),518
8,8.2,9,976,oni,ªÚª¿?PETA£¡£¿«Ñ«ó«×«­«ó,524
8,8.2,9,20,oni,IN THE ZONE,765
8,8.2,9,740,oni,Where is the Target?,546
8,8.2,9,117,oni,DIMENSIONS,535
8,8.2,9,1163,oni,ÛÜìíÙÓ¡¢ÙöéëªËéÁª±ªÆ,690
8,8.2,9,164,oni,Got more raves?,702
8,8.2,9,168,oni,??ªÎÚ«ªÈ,926
8,8.2,9,785,oni,«æ?«¹«Õ«ë«³?«¹«¿?,724
8,8.2,9,866,oni,Þ¼? ¢¦Kooryu¢¦,734
8,8.2,9,88,oni,ü³ßÌ?ýéÍØ,558
8,8.2,9,43,oni,ªµªèªÊªé«ï?«ê«ã,546
8,8.2,9,1249,oni,õÌÍýªÎØªÛöÞÅª¤,809
8,8.2,9,251,oni,äñ¡¿äñ«Û«¤«Ã«¹«ë(«««ì?«á«·ÍëãÒÍØ),949
8,8.2,9,1080,oni,åö -à¼ªÊªëãêªÈª³ªÎá¦ªÎ?ªËªÄª¤ªÆ-,875
8,8.1,9,160,ura,No Way Back(×ê),713
8,8.1,9,817,oni,Dragoon,765
8,8.1,9,21,oni,Turquoise Tachometer,835
8,8.1,9,670,oni,«Õ«¡«ß«³«ó«á«É«ì?,690
8,8.1,9,103,oni,Sunset Runaway,610
8,8.1,9,449,oni,Asteroid,784
8,8.1,9,948,oni,ü´Ý»ªÇò­ªÞªÃªÆª¹ª°éÁª±ªë ¢¦ ÎÊ?ªÎéÐÓ¾ü¤êÂ,915
8,8.1,9,539,ura,Scream out£¡ -Ó¹ìÑEdit.-(×ê),999
8,8.1,10,288,oni,mint tears,765
8,8.1,9,361,oni,Venomous,765
8,8.1,9,1274,ura,ù¦Øª«â«¸«å?«ë6768(×ê),906
8,8.1,9,491,oni,ü¤òÉÙñ,932
8,8.1,9,588,oni,«¬«ó«¹«ê«ó«¬?«·«ó«Ç«ì«é,861
8,8.1,10,421,oni,«Í«¯«í«Õ«¡«ó«¿«¸«¢ ¢¦ Arr.Demetori,1160
8,8.1,9,407,oni,Wasabi Body Blow,959
8,8.1,9,1240,ura,é¸íº(×ê),657
8,8,9,214,oni,ãÁÍö?ãÁÍö1Î¤,836
8,8,9,844,oni,B.B.K.K.B.K.K.,853
8,8,9,45,oni,óïªÎàÁ×È,933
8,8,9,951,ura,«¢«¤«É«ëÎÊ?ÞÍ(feat.ñ¥ÔöÏþÙþ)(×ê),854
8,8,9,576,oni,ªªªËª®ªêªÏªÉª³ª«ª·ªé¢Ü,854
8,8,9,72,oni,The Carnivorous Carnival,777
8,8,9,253,ura,«ë«««ë««¡Ú«Ê«¤«È«Õ«£?«Ð?(×ê),636
8,8,9,680,oni,êªðÓ£¡ô¸î¦«Á«ë«ÎªÁªãªó¡Ù,859
8,8,9,60,oni,å¨?Þóë¿ð®,986
8,8,9,1166,oni,RAINBOW¡ÚSKY,768
8,8,9,1116,ura,«ß«Ã«¯«¹«Ê«Ã«Ä(×ê),600
8,8,9,1251,ura,«ê«Ò«È(×ê),645
8,8,9,419,oni,«±«í¨ïdestiny,769
8,8,9,749,oni,«Þ«ª«¦ªÎ«·«ç«¦«¿«¤«à,888
8,8,9,550,oni,KUSANAGI,745
8,8,9,433,ura,«¨«ó«¸«§«ë «É«ê?«à(×ê),906
8,8,9,1265,ura,«¨«ó«¸«§«ë «É«ê?«à(ªËª¸ªµªóª¸)(×ê),906
7,7.9,9,400,oni,«»«¤«¯«ê«Ã«É «ë«¤«ó,876
7,7.9,9,399,oni,«Ô«³«Ô«³ «ë«¤«ó,876
7,7.9,9,211,oni,ÓÞÍöªÈ÷¼ÍÕªÎéÉªê,864
7,7.9,9,1232,oni,Fallen Angel,845
7,7.9,9,573,oni,ãÝªéª¤ªà£¡ªÞª¦ªóªÈªÑªÕª§,765
7,7.9,9,203,ura,í»ÝÂREST@RT(×ê),765
7,7.9,9,1320,oni,for Q,808
7,7.9,9,526,oni,Heaven's Rider,714
7,7.9,9,10,oni,3piece-JazzParty!,552
7,7.9,9,271,ura,Extreme MGG¡Ú¡Ú¡Ú(×ê),757
7,7.9,9,794,oni,«Ð«¤«ª«ì«ó«¹«È«ê«¬?,520
7,7.9,9,1165,oni,Space-Time Emergency,558
7,7.9,9,154,oni,Garakuta Doll Play,750
7,7.9,9,676,ura,TOKIMEKI«¨«¹«««ì?«È(×ê),667
7,7.9,9,405,ura,ªäªïªéª«?ó³(×ê),889
7,7.8,9,235,ura,ªâªêªÎª¯ªÞªµªó(×ê),563
7,7.8,9,1207,oni,"AtoZ,I leave toZ",759
7,7.8,9,645,ura,ü¤?ÙÓ«ß«ëÎÊãÌÍØ¢¦ûë«ÎÓô¢¦(×ê),832
7,7.8,9,218,oni,FLOWER,721
7,7.8,9,223,oni,«±«Á«ã«É«ó2000,502
7,7.8,9,140,ura,+¡Î(«×«é«¹Ñûí­)(×ê),900
7,7.8,9,1322,oni,ØªÓôü³ßÌÍØ,796
7,7.8,9,1305,oni,ê£ªÎù¨Û°ªÎÓÞò¢ªÎù¦,643
7,7.8,9,202,oni,Honey Heartbeat ¢¦10 Stars Mix¢¦,765
7,7.8,9,771,ura,«««ó«¿?«Ó«ì¡¿«Ñ«Ã«·«ª?«Í(×ê),892
7,7.8,9,776,oni,GO GET'EM!,555
7,7.8,9,1159,oni,«¹«ê«±«ó«é«ó«Ê?,678
7,7.8,9,1096,ura,ªÍª³ª¯ª¸ªé(×ê),826
7,7.8,9,152,oni,GëòãÛÎ¦?,790
7,7.8,9,1323,oni,Ò³ãêªÊá¦Í£ ¥²,678
7,7.8,9,89,oni,ê¨ÜðªÎÞ«ú¼,630
7,7.7,9,649,oni,Ô¸LOCANdy¢½,777
7,7.7,9,1045,oni,ìéá¦ù¦Ú¼,867
7,7.7,9,898,ura,God knows...(×ê),938
7,7.7,9,755,oni,Øª×âÞÞªÏÓÞ?ªÊªâªÎªò?ªóªÇª¤ª­ªÞª·ª¿,810
7,7.7,9,751,oni,«·«ã«¤«Ë«ó«°¡Ù«¢«Ö«é«««¿«Ö«é,666
7,7.7,9,907,oni,TOKIMEKI¢½ªÇª¹ªÈªíª¤ªä?£¡£¡,782
7,7.7,9,647,oni,«Þ«µ«««ê«Ö«ì«¤«É,687
7,7.7,9,845,oni,Dreadnought,632
7,7.7,9,746,oni,«Þ«¸«««ë?«Ñ«Õ«§,652
7,7.7,9,514,oni,á¡?ª¿ª¤ª³ªÎ¡¸ìíª¤ªºªëªÞªÇÞ«ðè¡¹,814
7,7.7,9,454,oni,«ä«Þ«¿«¤¡Ú«Ê«¤«È«Ñ?«Æ«£?,777
7,7.7,9,1122,oni,ÎÊÕ³ÒÁÔ¦,655
7,7.7,9,800,oni,«È«é«¹«È«²?«à,657
7,7.7,9,239,oni,ÜóüÅô¸ÙñÙíùÚÝÚªì,689
7,7.7,9,1069,oni,Solitude Star,766
7,7.7,9,67,oni,ÛÝÐ¡å¨ú¼,711
7,7.7,9,1206,oni,Crystal Hail,817
7,7.6,9,1000,oni,ª·ªçª¦ªæ de Show you!,729
7,7.6,9,507,ura,«Á«§«¤«ó«¯«í«Ë«¯«ë õÌðûÌ½?«á«É«ì?(×ê),820
7,7.6,9,357,ura,Ridge Racer(×ê),944
7,7.6,9,138,oni,Scars of FAUNA,780
7,7.6,9,438,oni,«¦«ë«È«é«Þ«ó«®«ó«¬ªÎÊ°,818
7,7.6,9,397,oni,STAGE 0.ac11,765
7,7.6,9,431,oni,Ì­ê¡£¡öÒÜØ«Ï«Ã«Ô?«¯«ë?,777
7,7.6,9,738,oni,«á«Ì«¨«Ã«È,529
7,7.6,9,568,oni,ÞçØ¡ÍÔô¸ê«?ê®ÍÔÎè?ÎèÊ°,829
7,7.6,9,418,oni,ü³ßÌªÎ«µ«Æ«é«¤«È,611
7,7.6,9,727,oni,«¢«¹«Î«è«¾«éôúÌüÚì,719
7,7.6,9,187,ura,×¿ð¼Ò´ªÈìéå¨ÚªåÞ(×ê),753
7,7.6,9,187,oni,×¿ð¼Ò´ªÈìéå¨ÚªåÞ,846
7,7.6,9,770,oni,«À«ó«¹«í«Ü«Ã«È«À«ó«¹,876
7,7.6,9,1198,oni,Brain Power,708
7,7.6,9,910,oni,ÙÞ«µ«ó«­«å?,639
7,7.6,9,501,oni,«¯«í«¹?«Ö«ë?,962
7,7.5,9,1235,oni,Unwelcome School (MRM REMIX),985
7,7.5,9,417,ura,Grip & Break down !! -Ó¹ìÑEdit.-(×ê),777
7,7.5,9,997,ura,twinkle night (feat. somunia)(×ê),817
7,7.5,9,857,oni,«µ«¯«é?«·?«¯«ì«Ã«È,673
7,7.5,9,780,oni,Comona,726
7,7.5,9,163,ura,DON'T CUT(×ê),754
7,7.5,9,739,oni,KARMA£¨Tatsujin Mix£©,876
7,7.5,9,822,oni,Heat Haze Shadow 2,765
7,7.5,9,1083,oni,«È«ó«¬«Á«ó,474
7,7.5,9,359,oni,RIDGE RACER STEPS - GMT remix -,536
7,7.5,9,662,oni,«Ò«««ê«Î«««Ê«¿«Ø,797
7,7.5,9,939,oni,ª¤ªÃª½ª³ªÎªÞªÞªÇ,765
7,7.5,9,1263,oni,ª¤ªÃª½ª³ªÎªÞªÞªÇ(ªËª¸ªµªóª¸),765
7,7.5,9,386,oni,?Ùþ2000,777
7,7.5,9,395,oni,junction,604
7,7.5,9,1145,oni,L¥Ächesis,654
7,7.5,9,461,oni,ªèª¯ªÇªë2000,657
7,7.4,9,741,ura,«Õ«ê«Õ«ê¢Ü«Î«ê«Î«ê¢Ü(×ê),665
7,7.4,9,629,oni,SAKURA EXHAUST,765
7,7.4,9,270,ura,ªáª¿ªëªÝªêª¹(×ê),765
7,7.4,9,183,oni,á´Ò³ªÎãêªÎØ£í­,999
7,7.4,9,795,ura,?úÂ(×ê),532
7,7.4,9,931,oni,JOIN THE PAC -÷¼ÍÕªÎÓ¹ìÑ Ver.-,606
7,7.4,9,1156,oni,NAKED GLOW,823
7,7.4,9,159,oni,Wings of Tomorrow£¨Tatsujin Mix£©,765
7,7.4,9,252,oni,ª­ª¿ªµª¤ª¿ªÞ200,802
7,7.4,9,12,oni,å¨å¡«Ö«ì«ð«À«¢«º,567
7,7.4,9,139,ura,dance storm(×ê),765
7,7.4,9,601,ura,«¹«×«é«È«¥?«ó2 «á«É«ì?(×ê),757
7,7.4,9,1146,oni,«Ø«¤«é,555
7,7.4,9,1264,oni,«Ø«¤«é(ªËª¸ªµªóª¸),555
7,7.4,9,1219,ura,ª¦ªÞªÔªçª¤??(×ê),825
7,7.4,9,76,ura,«½?«É«Ð«È«é?«º(×ê),604
7,7.4,9,852,oni,ëå?ªòªÄª«ªÞª¨ªí£¡,646
7,7.3,9,666,oni,«Ò«««ê«¢«ì,639
7,7.3,9,684,oni,FooFoo«««»«Ã«È,810
7,7.3,9,1234,oni,«é«Ó«Ã«È«Û?«ë,916
7,7.3,9,506,ura,«Á«§«¤«ó«¯«í«Ë«¯«ë ÷×ßÈ«Ð«È«ë«á«É«ì?(×ê),778
7,7.3,9,100,ura,ãöù¦ü¯(×ê),659
7,7.3,9,1077,ura,«·«ó«Ç«ì«é(×ê),978
7,7.3,9,470,ura,ÖÃªÎå¨ßÌÍØ(×ê),822
7,7.3,9,471,oni,ÖÃªÎÎÊãÌÍØ,835
7,7.3,9,681,oni,«Á«ë«ÎªÎ«Ñ?«Õ«§«¯«Èªµªóª¹ª¦?ãø ¨ïñ²Ò´«Ð?«¸«ç«ó,751
7,7.3,9,1246,oni,«Ç«¶?«Ède?ë¿£¨«µ«Ï«éøº£©,759
7,7.3,9,358,oni,«ª«Ñ£¡«ª«Ñ£¡RACER - GMT mashup -,682
7,7.3,9,97,oni,«È«Ã««?«¿ªÈ«Õ?«¬ªÈ«í«Ã«¯,804
7,7.3,9,569,oni,My Muscle Heart,834
7,7.3,9,717,ura,SAMURAI ROCKET(×ê),888
7,7.3,9,936,ura,Smile! Smile! Smile!(×ê),298
7,7.3,9,747,oni,ú¼ª«ªÊª¤ªÇ«¤«««í«¹,666
7,7.3,9,919,oni,äñªÊªóªÀª¼,624
7,7.2,9,1149,ura,«Õ«©«Ë«¤(×ê),921
7,7.2,9,1212,ura,Rat A Tat!!!(×ê),567
7,7.2,9,930,oni,ALiVE,830
7,7.2,9,462,oni,ß¤ªêªæª¯ÕµªÎôÎªëãÌ,701
7,7.2,9,881,oni,MEGALOVANIA,664
7,7.2,9,190,oni,«²«é«²«éªÈáÅª¦ªÊ,929
7,7.2,9,887,oni,«Ê«Þ«Ï«²«Î«¦«¿,780
7,7.2,9,391,oni,SORA-¥µ ûý«Îðè,666
7,7.2,9,805,oni,Pixel Galaxy,740
7,7.2,9,519,oni,õÕ? ¢¦Shiuryu¢¦,750
7,7.2,9,1296,oni,«µ«éª¨ªë,599
7,7.2,9,200,ura,Star!!(×ê),530
7,7.2,9,963,oni,«¤«¤«³òäûùÖå(feat. O-LuHA),677
7,7.2,9,184,ura,êÅç¯SASURAI(×ê),765
7,7.2,9,537,oni,«®«¬«ó«Æ«£«Ã«¯O. T. N,889
7,7.2,9,446,oni,«ï?«ë«º«¨«ó«É?«À«ó«¹«Û?«ë,700
7,7.2,9,19,oni,Night and Day,698
7,7.1,9,1218,ura,Úô«ÎÐôîæ(×ê),599
7,7.1,9,348,ura,ªéª¤ªÈªËªóª° ªÑªÃª·ªçªó(×ê),765
7,7.1,9,968,oni,Hyper Bass (feat. Yunomi),877
7,7.1,9,1327,ura,ªÏª¤ªèªíª³ªóªÇ(×ê),512
7,7.1,9,49,ura,«µ«ó«Ð «¢«ì«°«ê?«¢(×ê),765
7,7.1,9,406,oni,«Ä«ó«Ç«ìcafeªØªèª¦ª³ª½¡Ù,555
7,7.1,9,346,oni,Red Rose Evangel,765
7,7.1,9,911,ura,ãê?ªÎåëª¦ªÈªªªêªË(×ê),833
7,7.1,9,368,ura,ªµªóªÝ(×ê),816
7,7.1,9,566,oni,?,672
7,7.1,9,1137,oni,ÒúªÎÝÂð·ªÇÞçªÀª±ªÎÓÞï·ªò÷¬ªªª¦ªÀªÊªóªÆ,770
7,7.1,9,114,oni,«ê«Ã«¸ªÇ«ê«Ã«¸ªÇGO!GO!GO! - GMT mashup -,600
7,7.1,9,502,oni,Ò³ð¨ ¢¦«¤«ó«Ð«é«È«¥?«é¢¦,648
7,7.1,9,13,oni,«É«­«É«­ýØª­ªåªó ªªªÞªÄªê«¿«¤«à,652
7,7.1,9,653,oni,??ß²ú×,678
7,7.1,9,592,oni,ªÒªèªÃª³«Õ«¡«ó«¿«¸?,583
7,7.1,9,270,oni,ªáª¿ªëªÝªêª¹,594
7,7.1,9,646,ura,«ß«Ä«Ü«·¡Ù¡Ù¡Ú(×ê),756
7,7,9,527,oni,«Þ«ê«ª«Í«Ã«È«Ô«å«¢,619
7,7,9,1261,oni,«Þ«ê«ª«Í«Ã«È«Ô«å«¢(ªËª¸ªµªóª¸),619
7,7,9,487,ura,«é«Ã«¹«ó«´«ì«é«¤(×ê),806
7,7,9,410,oni,ô¸èí«ÎÙñ,687
7,7,9,108,oni,ï³í­«É«é«àªÎÓ¹ìÑ,882
7,7,9,972,oni,«é«Ñ«¹ªÎûö,689
7,7,9,1120,oni,ª½ª·ªÆé¸íºªÏØùªêªËªÄª¯,569
7,7,9,511,ura,Shine!!(×ê),546
7,7,9,933,oni,Leviathan,754
7,7,9,412,oni,«Ê«¤«È?«ª«Ö?«Ê«¤«Ä,651
7,7,9,981,ura,1?2?ªµªóª·ªÎªÇ«É«ó«É«««Ã«««Ã£¡(×ê),715
7,7,9,1170,oni,«¨?«ë?«¨«¯«¹?«Þ«­«Ê£¡,765
7,7,9,1057,oni,«¦«µ«Æ«¤,693
7,7,9,311,oni,«¢«ë«à«¸««ac14.0V,555
7,7,9,432,oni,ØÎÊ¿ªÎ«Æ«£«ë«Ê«Î«°,794
7,7,9,1157,ura,«ê«ó«ÀªÏÐÑìíªâï¾û¿ðà(×ê),594
7,7,9,651,oni,ùêóÝ«¹«¿«Ü?«Õ«§£¡,673
7,7,9,349,oni,ªïªóªËªã?«ï?«ë«É,765
6,6.9,9,425,oni,«¿«¤«³«¿«¤«à,765
6,6.9,9,970,oni,Shining Lights (feat. PSYQUI),862
6,6.9,9,180,oni,?,786
6,6.9,9,95,oni,ÛÜðèªÎûÉ,610
6,6.9,8,167,oni,ô¸«Îå°,828
6,6.9,9,742,oni,«Ì«à«¸««ac.10,631
6,6.9,9,451,oni,Xa,675
6,6.9,9,567,oni,«ª?«Ç«£«ª de «««Ã£¡,576
6,6.9,8,520,oni,Silent Jealousy,1071
6,6.9,8,259,oni,The Magician's Dream,724
6,6.9,9,637,oni,conflict,736
6,6.9,8,546,oni,ò¦à»ª«ªéªÏª¸ªÞªëÚªåÞ,765
6,6.9,8,56,oni,Blue Rose Ruin,765
6,6.9,8,215,oni,ãÁÍö??ÞÛ2Î¤,773
6,6.9,9,701,oni,ªÄªÊª¬ªì£¡ªÒªíª¬ªì£¡öèªÁß¾ª¬ªì£¡,776
6,6.9,9,648,ura,«Á«§«¤«ó«¯«í«Ë«¯«ë ?Õô?«á«É«ì?(×ê),635
6,6.9,9,639,oni,à¹íÌï¾óÝªÎ«Õ«¡«ó«¿«¸«¢,701
6,6.9,9,278,ura,ü£?(×ê),541
6,6.8,9,1307,oni,ÓÞÒýÔþø¤çêçê?,616
6,6.8,9,226,oni,«­«é«á«­«é«ê,691
6,6.8,9,614,oni,ÙÓªÈúÞ?ªÎÌÑÍ£àÊ,603
6,6.8,9,959,oni,Õ¢àÁñ²üÞÏùÔ³,671
6,6.8,9,465,oni,èíÎÖ«¦«©«Ã«Á2 êªðÓ£¯ÜâÊ«£¯?öè,666
6,6.8,8,1107,oni,Irodoru¢½Future,850
6,6.8,9,1273,oni,«È«ó«Ç?«ß«Æ,559
6,6.8,9,660,oni,«¨«¤«ê«¢«ó«¨«¤«ê«¢«ó,746
6,6.8,9,671,ura,Tulip(×ê),677
6,6.8,8,645,oni,ü¤?ÙÓ«ß«ëÎÊãÌÍØ¢¦ûë«ÎÓô¢¦,765
6,6.8,8,605,oni,ÔÔÌÈ«Æ«Ç«£«Ù«¢,797
6,6.8,8,453,oni,ûõ,999
6,6.8,8,664,ura,ªÉªóí­ªÎ«Õ«¡?«¹«È«Ç?«È(×ê),808
6,6.8,8,874,oni,Úü?á´Ò³ãÁÍª,647
6,6.8,9,612,oni,«¢«ó«È«Ë«ª,724
6,6.8,8,650,oni,÷¼ÍÕ?Ùñ ËË?,639
6,6.8,8,1184,oni,ªÉªóªÁªãªóª·ª¿ª¤£¡,768
6,6.8,8,995,oni,«Æ«ë«ß?«Ó?«È,761
6,6.7,8,1058,oni,ÓÞû¿ª­ªÊ÷¼ÍÕªÎëå,795
6,6.7,8,989,oni,ª¢ªÞªÆªéª¹JK,702
6,6.7,8,53,oni,ûùÚªêÅå¨,677
6,6.7,9,372,oni,àÁù¦«ÎÙñ¡¼ò¢¡½,693
6,6.7,8,1088,ura,«×«í«ß«¹«¶«¹«¿?(×ê),669
6,6.7,9,932,oni,Wish upon a shooting star,618
6,6.7,8,536,oni,«í«¹«È«ï«óªÎ?ÍÖ,799
6,6.7,9,322,oni,«ß?«ÊªÎªªªäª·ª­,607
6,6.7,9,17,oni,ü£«ª«È×êÚÐí­,700
6,6.7,8,1094,oni,Racing the Storm,787
6,6.7,9,580,ura,«¹«Ý?«Ä«À«¤«¸«§«¹«É«ó(×ê),733
6,6.7,8,65,oni,êÅù»Ú¸ìÑ,832
6,6.7,8,337,oni,ª×ªëª×ªëª·ªóª×ªë,652
6,6.7,8,440,oni,ª¦ª½ª¦ª½ãÁ,657
6,6.7,8,266,oni,«É«É«ó«¬«É¢¦«ó,727
6,6.7,8,591,oni,«Í«Æ«â«Í«Æ«â,550
6,6.7,8,1250,oni,«í«±«Ã«È«â?«É,698
6,6.7,8,445,oni,«ª«ì«µ«Þ«Ñ«¤«ì?«Ä,663
6,6.6,8,402,oni,Rotter Tarmination,681
6,6.6,8,1127,oni,Just Awake,524
6,6.6,8,284,ura,«««²«í«¦«Ç«¤«º(×ê),688
6,6.6,9,109,ura,Many wow bang!(×ê),497
6,6.6,9,85,oni,«ØðàªÎúðñ´ÍØ ð¯3?íñ,734
6,6.6,8,41,oni,«°«ì?«È£¡«¢«Ë«Þ«ë«««¤«¶?!!,676
6,6.6,8,261,oni,«Ô«³«Ô«³ «Þ«Ã«Ô?,596
6,6.6,9,483,oni,ÓâªÁáôª±«×«ê«ó«¹,600
6,6.6,8,1225,ura,÷¼ÍÕã´(×ê),641
6,6.6,8,403,ura,ªéªóªÖªë?Ùñ(×ê),765
6,6.6,9,596,oni,Diver,622
6,6.6,8,134,oni,Eternal bond,635
6,6.6,9,579,oni,????ïÃïì,588
6,6.6,9,579,ura,????ïÃïì(×ê),566
6,6.6,8,309,oni,«Ê«¤«È«á«¢?«µ«Ð«¤«Ð?,618
6,6.6,8,149,ura,«µ«¿«Ç?÷¼ÍÕ«Õ«£?«Ð?(×ê),600
6,6.6,8,155,oni,ª¬ª·ªãªÉª¯ªí,614
6,6.6,8,296,oni,ÐÉë¿ªÎªèª¦ªÊÜÒªé ¢¦«Þ«Ã«¹«ëäñªÎ«Æ?«Þ¢¦,587
6,6.5,8,544,oni,Dr.WILY STAGE 1,609
6,6.5,8,238,oni,ÎùêÀªÎå¨,484
6,6.5,8,32,oni,«¢«ì«­«µ«ó«À?ªÎ«Æ?«Þ,644
6,6.5,8,173,oni,?ü£Õ´Ø¼,777
6,6.5,8,991,oni,ÌËÐôíº¡¢÷óªê÷×ªë£¡,694
6,6.5,9,716,oni,ù¨ªÏâÁãÁªÎë¯ûã,553
6,6.5,8,1148,ura,Habit(×ê),656
6,6.5,8,1256,oni,?ßæ¡´TENSEI¡µ-ýì?ò¤ª¬ÓâªÄ?íº-,611
6,6.5,8,428,oni,ÔÔÌÈ÷åúÉ«­«çúÉÊ¦ÏÑÏÑíþ!!,840
6,6.5,8,447,ura,White Rose Insanity(×ê),666
6,6.5,8,1174,oni,øïÖ®«¿«¦«Þ«¼«¤«ó (Prod. «Á«Ð«Ë«ã«ó),827
6,6.5,8,707,oni,Brand New Theater!,734
6,6.5,8,525,oni,ªÆªóªÓªóñ¨Ðáú¼ å¨ªòú¼ª¯,669
6,6.5,8,956,ura,ªÀª«ªéÜÒªÏëå?ªò?ªáª¿(×ê),444
6,6.5,8,793,ura,éëªÈ«Ú«È«é(×ê),591
6,6.5,8,1180,oni,àìÎÃ,644
6,6.5,8,422,ura,NeGa/Posi*«é«Ö/«³?«ë(×ê),776
6,6.5,8,1309,oni,«³«³«É«³£¿ÒýÝÂ«É«Ã««Óö£¡,615
6,6.5,8,178,oni,õð? ¢¦Haryu¢¦,698
6,6.4,8,424,oni,ÔÔÌÈ«½?«À 8Bit Edit,745
6,6.4,8,783,oni,Dive to Blue,641
6,6.4,8,248,oni,LOVE?!!,666
6,6.4,8,585,oni,?ô»ªÎ«¤«¶«Ê«ß,876
6,6.4,8,1268,oni,ª­ªåª¦ª¯ªéªêªó,605
6,6.4,8,276,ura,õðë´(×ê),700
6,6.4,8,70,oni,«««é«á«ë«¿«¤«à¡Ù,722
6,6.4,8,610,oni,Over Clock¢¦ËÒÛ¯¢¦,596
6,6.4,8,1310,oni,Genesis Ray,598
6,6.4,8,548,oni,?ü³ßÌ(Love Fantasy),649
6,6.4,8,891,oni,«««Ã«Æ«£«¢«ï?«ëªÎ??,637
6,6.4,8,688,oni,àøàÚªÈ«ê«Ë«¢ªÈÜÒ,707
6,6.4,8,735,oni,Dï¾?£¡SAMURAI«¤«ó«¶«ì«¤«ó,669
6,6.4,8,297,oni,M.S.S.Planet,624
6,6.4,8,979,oni,ÎÞª±£¡÷¼ÍÕªÎÓ¹ìÑ,765
6,6.4,8,137,oni,«Õ«¡«ß«ì«¹«¦«©?«º,723
6,6.4,8,1259,oni,«Õ«¡«ß«ì«¹«¦«©?«º(ªËª¸ªµªóª¸),723
6,6.4,8,551,ura,ïÊÕü(×ê),553
6,6.3,8,230,oni,The Windmill Song,572
6,6.3,8,918,oni,«¨«ê«ó«®ªÎ«¨«¯«Ü,687
6,6.3,8,552,oni,EAT'EM UP!,602
6,6.3,8,1226,ura,?Ìö¡¢?ÎèªËªÆ???(×ê),716
6,6.3,8,1254,oni,Nameless Story,446
6,6.3,8,888,oni,«¯«é«·«Ã«¯«á«É«ì?(«í«Ã«¯øº),606
6,6.3,8,306,oni,«¶«¹«È«¥?«ëªÎØªÓôßö,560
6,6.3,8,978,oni,«Ë«¸«¤«í«Ð«È«ó,713
6,6.3,8,112,oni,ï³ó³ªÇï³ó³ªÇOPA!OPA!OPA! -GMT mashup-,658
6,6.3,8,1160,oni,àìÎÃ«ô«¡«ë«­«å«ê«¢,615
6,6.3,8,1171,oni,Íìñ´ÍÕð®,647
6,6.3,8,1315,oni,?õð«³«ó«×«ì«Ã«¯«¹,569
6,6.3,8,257,oni,MATSURI D£¯A,574
6,6.3,8,1109,oni,Ò³ãêªÊá¦Í£ ¥±,778
6,6.3,8,1248,oni,ÓÞé¸íº«¿«Ä«É«ó ¢¦õÌ?ªÎ«Þ«¤«Ð«Á??¢¦,487
6,6.3,8,917,oni,Freeway3234,465
6,6.3,8,256,ura,ªáª¶ª»«Ý«±«â«ó«Þ«¹«¿? -20th Anniversary-(×ê),416
6,6.3,8,150,oni,ÔÏ? ¢¦Toryu¢¦,541
6,6.2,8,560,oni,Choco Chiptune.,640
6,6.2,8,1272,oni,öñÏ¹de?Ï¿,621
6,6.2,8,231,ura,ùÚÍ£ÔÍ÷ò¡¿«µ«Ð«¤«Ð?(×ê),523
6,6.2,8,988,oni,«Æ«ª,762
6,6.2,8,626,oni,Ú¸ª·ª¯ØÏª·ª­«É«Ê«¦,682
6,6.2,8,64,oni,??ïÃïì,608
6,6.2,8,704,oni,ÓÞöèëå,620
6,6.2,8,398,oni,«««Ê«Ç«¢,643
6,6.2,8,221,oni,ù¾? ¢¦Karyu¢¦,673
6,6.2,8,944,oni,Öµ?ûú÷¼ÍÕ,629
6,6.2,8,316,oni,«¯«ë«¯«ë«¯«í«Ã«¯«ë,615
6,6.2,8,86,oni,«¯?«×«é«óªÎÙ×,651
6,6.2,8,416,oni,"Help me, ERINNNNNN!!",542
6,6.2,8,498,oni,Ladystar Wandering,521
6,6.2,8,1095,oni,ªÞªªª¥,473
6,6.2,8,507,oni,«Á«§«¤«ó«¯«í«Ë«¯«ë õÌðûÌ½?«á«É«ì?,713
6,6.2,8,1021,oni,Donder Time,458
6,6.2,8,191,oni,«Ü«¯«Ï«·«ó«»,612
6,6.2,8,1266,oni,«Ü«¯«Ï«·«ó«»(ªËª¸ªµªóª¸),612
6,6.1,8,478,oni,THE IDOLM@STER,765
6,6.1,8,616,oni,«¨«´«¨«´«¢«¿«¯«·,706
6,6.1,8,123,oni,îïÕô«Ð«¿«ó«­«å?,528
6,6.1,8,1139,oni,«À?«ê«ó«À«ó«¹,728
6,6.1,8,66,oni,ÛÝü£??,777
6,6.1,8,367,oni,ù¦ªÎ?ªÎ×£ªÈÑÈÞÍ,624
6,6.1,8,127,oni,«É«ë«¢?«¬ªÎ÷²«á«É«ì?,682
6,6.1,8,908,oni,«ì«È«í«Þ«Ë«¢ÎÊßÌÍØ,724
6,6.1,8,396,oni,super star shooter,654
6,6.1,8,423,oni,Endless Seeker,644
6,6.1,8,1312,ura,âÁä²?(×ê),526
6,6.1,8,389,oni,SORA-I «¢?«¹«é«¤«º,450
6,6.1,8,310,oni,?íìíÈÖ®«¬?«ë,593
6,6.1,8,1321,oni,úÂª±£¡÷¼ÍÕªÎÓ¹ìÑ,567
6,6.1,8,314,ura,ªªªÉªë«Ý«ó«Ý«³«ê«ó(×ê),504
6,6.1,8,343,oni,URBAN FRAGMENTS,375
6,6.1,8,394,oni,éÔñµSAMURAI,765
6,6,8,374,oni,ûõÖ¥ªÎÏáãÅ,510
6,6,8,1191,oni,õæÜØ,505
6,6,8,83,oni,«µ?«Õ«µ«¤«É?«µ«Æ«£,781
6,6,8,1242,oni,«³«Ã«È«ó«­«ã«ó«Ç«£ª¨ª¤ª¨ª¤ªª?£¡,695
6,6,8,472,oni,BORDERLESS,670
6,6,8,539,oni,Scream out£¡ -Ó¹ìÑEdit.-,792
6,6,8,38,oni,ù¦ªÎ«Õ«¡«ó«¿«¸?,765
6,6,8,1131,ura,«é«Ö«ê?X(×ê),662
6,6,8,285,ura,ô¶Üâ?(×ê),1000
6,6,8,414,oni,«Á«ë«ÎªÎ«Ñ?«Õ«§«¯«Èªµªóª¹ª¦?ãø,692
6,6,8,554,oni,?àÏ?ùþ,661
6,6,8,559,oni,«È«ª«ê«è,664
6,6,8,163,oni,DON'T CUT,704
6,6,8,1004,oni,üßüßÐôÓÉ,482
6,6,8,808,oni,«Ï«¤«¹«Ú«Ã«¯«Ë?«È,429
6,6,8,1205,oni,GO ON YA WAY(feat. õ±?ßæ),447
6,6,8,496,oni,ä¢ÝüªÎãý? -SCARLET HEART-,666
6,6,8,504,oni,Abyss of hell,850
5,5.9,8,1192,oni,«È«¦«­«ç«¦?«·«ã«ó«Ç«£?«é«ó«Ç«ô,490
5,5.9,8,166,oni,ªËªóª¸ªóªËªó,592
5,5.9,8,926,ura,Ù¤ªËúîªïªìªÆª¤ªë¡£(×ê),486
5,5.9,8,124,oni,Dream Tide,563
5,5.9,8,1035,oni,«Þ«Ä«è«¤«Ê«¤«È«Ð«°,678
5,5.9,8,1298,oni,miracle shooting star,593
5,5.9,8,347,oni,«ê«Ð«¤«Ð?,765
5,5.9,8,875,oni,«°«é?«ô«§,650
5,5.9,8,1182,oni,«¹«­ªË×âë¦ªÏª¤ªéªÊª¤ª¸ªãªó£¡,604
5,5.9,8,823,oni,ªâª·ªâª·ãê?,656
5,5.9,8,47,oni,îñîñîñá¦,466
5,5.9,8,340,oni,Ì½?!!,538
5,5.9,8,488,oni,«·«å?«¬«¯ «È«é«Ù«é?«º,721
5,5.9,8,675,oni,Never say never,675
5,5.9,8,153,oni,«¨«ó«¸«§«ë «É«ê?«à(«Ç«ì«Þ«¹),694
5,5.9,8,433,oni,«¨«ó«¸«§«ë «É«ê?«à,765
5,5.9,8,1265,oni,«¨«ó«¸«§«ë «É«ê?«à(ªËª¸ªµªóª¸),765
5,5.9,8,705,oni,«Õ«å?«Á«ã??«é«Ü,672
5,5.8,8,247,oni,ÜÒªéªÏÐÑªÎªÊª«ªÇ,463
5,5.8,8,317,ura,ÌðªÎ?ªÎ«¢«ê«¹(×ê),569
5,5.8,8,753,oni,«««¦«ó«È«À«¦«ó,593
5,5.8,8,90,oni,«««ì?«««Î?«««Î«ó,697
5,5.8,8,458,oni,«ê«¹«É«ó«ô«¡«ë«ÊªÎ?ûç,605
5,5.8,8,540,oni,Ù¥àø«í«±«Ã«È,560
5,5.8,8,113,oni,ï³ó³ªÇï³ó³ªÇGO!GO!GO!GC! -GMT remix-,555
5,5.8,8,52,oni,«Ð?«Ë«ó«°«Õ«©?«¹«á«É«ì?,748
5,5.8,8,22,oni,äñßÌáÅª¤,600
5,5.8,8,279,oni,ØªÛöªÎÑÒÒþïÁ,708
5,5.8,8,1164,oni,«¢«ó«Á«§«¤«ó?«¬?«ë£¡,725
5,5.8,8,9,ura,«­«ßªÈúÂª¯«Ï?«â«Ë?(×ê),681
5,5.8,8,882,ura,ëàÒ³ú°Üø(×ê),569
5,5.8,8,212,oni,ªÍª¬ª¤ª´ªÈ¡ÙªÑªºªë,551
5,5.8,8,617,oni,ù¦ê£ò¤ÞÍ,651
5,5.8,8,938,oni,ÖÃªÎÎßúÂÍØ,648
5,5.8,8,39,oni,«Ñ«¹«Æ«ë «É«ê?«à,765
5,5.7,8,87,oni,Ô³ûùÞÔªÎðÈªÎÊ°,529
5,5.7,8,587,oni,Unite The Force,406
5,5.7,8,998,oni,Connected World,729
5,5.7,8,1140,oni,«¹««?«ì«Ã«ÈÌíóÌªÎ«²«Ã«È?«Ñ«È«í?«ë24ãÁ,562
5,5.7,8,302,oni,Ù£?ªê£¨ô¸ß¾£©,480
5,5.7,8,1081,oni,ªáª¿ªáª¿¡ÙªæªËªÐ¢¦ª¹ªÃ£¡,564
5,5.7,8,609,oni,àøªÎ««?«Ó«£«á«É«ì?,457
5,5.7,8,156,oni,KAGEKIYO,765
5,5.7,8,1014,oni,Hold me tight,547
5,5.7,8,182,oni,«Ï«í?£¡ «Ï«í«¦«£«ó,576
5,5.7,8,135,ura,?ûåªÊô¸ÞÅªÎ«Æ?«¼(×ê),423
5,5.7,8,426,oni,«Æ«¤«ë«º «ª«Ö «¸ «¢«Ó«¹,693
5,5.7,8,15,oni,?ªÈ?æúªÎ?ÏÖ,569
5,5.7,8,824,ura,«É«é«Þ«Ä«ë«®?(×ê),430
5,5.7,8,298,oni,ÙÓü³ªÎóïÍö,447
5,5.7,8,196,oni,ÙÓßä«³?«¹«¿?,728
5,5.7,8,357,oni,Ridge Racer,733
5,5.6,8,625,oni,Lightning Dance,710
5,5.6,8,717,oni,SAMURAI ROCKET,765
5,5.6,8,1011,oni,«Ü«¯ªéªÎªÞª¨ªËÔ³ªÏª¢ªë,682
5,5.6,8,160,oni,No Way Back,697
5,5.6,8,821,oni,ûúêóªëªÉ?ªêªÆë«ò¥?ßí,581
5,5.6,8,321,oni,«Ê«Ã«¯«ë«Ø«Ã«º,639
5,5.6,8,71,oni,ûúÕµÙèí­,506
5,5.6,8,403,oni,ªéªóªÖªë?Ùñ,625
5,5.6,8,304,oni,NECOLOGY,656
5,5.6,8,624,oni,Good-bye my earth,476
5,5.6,8,457,oni,«À«ó«Ð?«À«ó«Ð?«Ç«£«ó?«À«ó,683
5,5.6,8,459,oni,«É«ó?«¨«ó«¬«¹ªÎîÞö£ª­,553
5,5.6,8,37,oni,îÂªÎ«¢«ó«É«í«á«À,701
5,5.6,8,93,oni,¡¸«ë«¹«é«óªÈ«ê«å«É«ß«é¡¹ßíÍØ,659
5,5.6,8,62,oni,ªæªìªë«×«ê?«Ä?ú¼êÍê¬,484
5,5.6,8,1036,oni,?ªÏ«É«ó«È?«À«¦«È,752
5,5.6,8,1079,oni,GO ON ¢¦Ú±?ªØ¢¦,720
5,5.5,8,362,oni,BLUE TOPAZ,639
5,5.5,8,1006,oni,KING,781
5,5.5,8,350,oni,Saika,593
5,5.5,8,219,oni,«È?«¿«ë?«¨«¯«ê«×«¹ 2035,588
5,5.5,8,506,oni,«Á«§«¤«ó«¯«í«Ë«¯«ë ÷×ßÈ«Ð«È«ë«á«É«ì?,588
5,5.5,8,100,oni,ãöù¦ü¯,507
5,5.5,8,34,oni,Amanda,523
5,5.5,8,237,oni,ªªª·ª¨ªÆ ª¯ªÞªÈªâ,665
5,5.5,8,1313,oni,Bling-Bang-Bang-Born,528
5,5.5,8,1225,oni,÷¼ÍÕã´,581
5,5.5,8,481,oni,shiny smile,555
5,5.5,8,969,oni,ª¤ª¿ªÀª­«Ð«Ù«ë (Prod. «±«ó«â«Á«Ò«Ç«Õ«ß),493
5,5.5,8,48,oni,«¢«µ«ë«È BGM1,527
5,5.5,8,224,oni,«¼«ë«ÀªÎ?? «Ö«ì«¹ «ª«Ö «¶ «ï«¤«ë«É «á«É«ì?,469
5,5.5,8,1214,oni,GORI ¡¿ GORI ¡¿ SafaRI,606
5,5.5,8,865,oni,×µÕÈªÎûÐÚÖ?,495
5,5.5,8,578,oni,«««Î«ó («·«ó«¯«í«Ë«« Remix),543
5,5.4,8,324,oni,Phantom Rider,697
5,5.4,8,482,ura,GOIN'!!!(×ê),513
5,5.4,8,711,ura,Ì¸ª¿ª³ªÈªâªÊª¤ÌØßä(×ê),579
5,5.4,8,262,oni,«¹?«Ñ?«Þ«ê«ª«Ö«é«¶?«º,599
5,5.4,8,1217,oni,ªÁªå¡¢Òý?àõ¡£,468
5,5.4,8,63,oni,«Ö«ëªÁªãªóªÎªªªä2,575
5,5.4,8,274,ura,õëá§(×ê),765
5,5.4,8,366,ura,ª­ªßªÎª¢ª«ªê(×ê),724
5,5.4,8,385,oni,ªµª¯ªéªóªÜ,303
5,5.4,8,1141,oni,«ª«É«ë?«×,695
5,5.4,8,1059,oni,éÉ,439
5,5.4,8,1030,oni,«ô«¡«ó«Ñ«¤«¢,641
5,5.4,8,1213,oni,Surges,523
5,5.4,8,213,oni,å¨ßÌÍØOp.9-2,500
5,5.4,8,484,oni,«Þ«¸ªÇ¡¦£¡£¿,520
5,5.4,8,253,oni,«ë«««ë««¡Ú«Ê«¤«È«Õ«£?«Ð?,485
5,5.4,8,920,oni,«´«Ã«É«½«ó«°,642
5,5.3,8,754,oni,øÜØÈ¡¢äîªÎªÞªÛªíªÐ,634
5,5.3,8,455,oni,ù¥??ßæ,441
5,5.3,8,703,oni,«³«Ê«â«Î¡Ù,576
5,5.3,8,1179,oni,«Ï«ë«¸«ª«ó,479
5,5.3,8,273,ura,ÌùÍØ(×ê),763
5,5.3,8,1034,oni,ü³ßÌªË?ª¤ª¿ü£,740
5,5.3,8,40,oni,"My Soul,Your Beats!",444
5,5.3,8,880,oni,ÙÓªÈýñØÐ,694
5,5.3,8,947,oni,ªÀªìª«ªÎãý?ªËªÊªìª¿ªÊªé,650
5,5.3,8,1253,oni,«Þ«Ä«±«ó«µ«ó«ÐII,385
5,5.3,8,1097,oni,ON SAY GO SAY,346
5,5.3,8,364,oni,RAGE v.self,545
5,5.3,8,1306,oni,öÒßä«Ï?«â«Ë?,493
5,5.3,8,541,oni,ÜâÒöÞÑªÎ?,473
5,5.3,8,652,ura,ßõÎÃ(×ê),614
5,5.3,8,1020,oni,??ðàïÚªÎ«ê«Ð?«¹«·«ó«Ç«ì«é,556
5,5.3,8,942,oni,ùÚÍ£«¯«ê«¨«¤«¿??êµÊ°,649
5,5.2,8,344,oni,RAINMAKER,589
5,5.2,8,730,oni,«Ò«Ð«Ê,669
5,5.2,8,1018,oni,«Ù«Î«à(feat.flower),575
5,5.2,8,133,oni,ª¤?ª¢ªëªÕª¡ªóª¯ªéªÖ,544
5,5.2,8,497,oni,«é«¤«³«¿«¤«³«Ç«£«¹«³,666
5,5.2,8,1311,oni,ª¢ªáªÕªêªÎ«í«ó«É,523
5,5.2,8,255,oni,«·«å«¬?«½«ó«°ªÈ«Ó«¿?«¹«Æ«Ã«×,535
5,5.2,8,623,oni,«Ð«È«ë£­ï³ÎÃà´ûý£­,364
5,5.2,8,565,oni,ªÛª¦ª«ª´¡Ù«Þ«¸«·«ã«ó,585
5,5.2,8,510,oni,«Ö«ì«¤«¯«é«¤«ó,603
5,5.2,8,1119,oni,GOING TO LUNATEA,562
5,5.2,8,413,oni,Bad Apple!! feat.nomico,544
5,5.2,8,1062,oni,ÜÒªÎ??,411
5,5.2,8,561,oni,ýÊª­ªòÏ´ªáªÆ,471
5,5.2,8,474,oni,«·«ã«ë«ë,381
5,5.2,8,925,oni,õ©öÜªò?ªà,402
5,5.1,8,308,oni,ªËªóª¸ªãªêªÐªóªÐªó,529
5,5.1,8,922,oni,«¢«Ðªß,653
5,5.1,8,1002,oni,ª¦ªÃª»ª§ªï,420
5,5.1,8,1241,oni,?ªÎª¹ªßª«,460
5,5.1,8,277,ura,÷ªÛ¯(×ê),585
5,5.1,8,937,oni,å¨ªË?ª±ªë,483
5,5.1,8,1084,ura,ÑÒÒþ«ì«¤«ó(×ê),664
5,5.1,8,1183,oni,«É«í?«¤«ó¡Ù«É«ê?«à£¡,532
5,5.1,8,383,oni,Dragon Night,535
5,5.1,8,435,oni,?ª¨£¡ T3ÛÁêÛÓé ¢¦GDI mix¢¦,583
5,5.1,8,1082,oni,«é«Ö«æ?¡ÙªÉªóªÁªãªó,509
5,5.1,8,106,oni,Day by Day!,608
5,5.1,8,1098,oni,SORA-V «³«º«ß«Ã«¯«Ð?«É,354
5,5.1,8,1133,oni,Doppelgangers,634
5,5.1,8,949,oni,Favorite Days,503
5,5.1,8,1096,oni,ªÍª³ª¯ª¸ªé,591
5,5,8,92,ura,ØÌª­èÝÒ³ªÎª¿ªáªÎ«Ñ«ô«¡?«Ì(×ê),612
5,5,8,1101,oni,ìéÔ²,495
5,5,8,294,oni,PaPaPa Love,456
5,5,8,291,oni,«â«ó«¹«¿?«Ï«ó«¿?4 «á«É«ì?,722
5,5,8,1231,oni,RHYTHM CONNECT,645
5,5,8,1019,oni,?ª±?ª±ªÆªæª¯,583
5,5,8,855,oni,«¿«Ù«Æ«â«¿«Ù«Æ«â,496
5,5,8,184,oni,êÅç¯SASURAI,580
5,5,8,429,oni,ÎÃªëäá,387
5,5,8,1196,oni,«é?«â«ì?«Ê?«¯«â«Ê«¤,613
5,5,8,842,ura,ûõÖ¥ü¤(×ê),400
5,5,8,479,oni,Thank You!,500
5,5,8,411,oni,ßäªÏ?ªØªÉß¤ªêªÌªëªò,363
5,5,8,945,oni,RESTART,544
5,5,8,275,ura,??(×ê),579
5,5,8,470,oni,ÖÃªÎå¨ßÌÍØ,615
4,4.9,8,1105,oni,ª»ª«ª¤ªÎªªªÈ - sekai note -,463
4,4.9,8,1132,oni,ªÞª¤ªËªÁª¬«É«ó«À«Õ«ë,595
4,4.9,8,1044,oni,ÓÞÙ³?«¿«Ä«É«ó,354
4,4.9,8,1082,ura,«é«Ö«æ?¡ÙªÉªóªÁªãªó(×ê),448
4,4.9,8,387,oni,SMOKY THRILL,492
4,4.9,8,799,oni,ª³?ª­?ª¯?ª¯ªë?ª¯ªë?ª¯ªì?ª³£¡,531
4,4.9,8,1211,oni,?ª¤ªÉªìò±ªéªº,483
4,4.9,8,1113,oni,ªÊªËªäªÃªÆªâª¦ªÞª¯ª¤ª«ªÊª¤,561
4,4.9,8,1190,oni,«ª??«½«ì?«ß«ª,381
4,4.9,8,339,oni,"Jump Up, Super Star! Short Version",410
4,4.9,8,909,oni,«­«ì«­«ã«ê«ª«ó,439
4,4.9,8,804,oni,Altale,540
4,4.9,8,543,oni,«¢«¤ MUST GO£¡,414
4,4.9,7,342,oni,ßÌª¤ªòâ¢ªËêÃª¤ªò?ªáªÆ,581
4,4.9,7,545,oni,TO MAKE THE END OF BATTLE,602
4,4.9,8,1056,oni,«°«Ã«Ð«¤à¾åë,686
4,4.8,8,478,ura,THE IDOLM@STER(×ê),555
4,4.8,8,911,oni,ãê?ªÎåëª¦ªÈªªªêªË,550
4,4.8,7,354,oni,ªµª¤ª¿ªÞ2000,570
4,4.8,7,139,oni,dance storm,644
4,4.8,7,264,oni,«á«««Ç«¹¡£,483
4,4.8,8,523,oni,Synchronicity,441
4,4.8,7,553,oni,BLAZING VORTEX,797
4,4.8,7,141,oni,Fly away,579
4,4.8,7,1258,oni,Fly away(ªËª¸ªµªóª¸),579
4,4.8,7,941,oni,Fly again!,551
4,4.8,7,61,oni,«ª«Õ¢Í«í«Ã«¯,594
4,4.8,7,319,oni,«ª«ê«ª«óªòªÊª¾ªë,466
4,4.8,8,1202,oni,ªïªìªéÙíîØªÎ«É«³«ó?,540
4,4.8,7,1092,oni,«¢«Ë«Þ«ë,824
4,4.8,8,1252,oni,Neon Sign,392
4,4.8,8,726,oni,ªµªèªÊªé«¨«ì«¸?,496
4,4.7,8,1130,oni,SORA-¥³ «Ö«ó«Ñ«½«ó«°,555
4,4.7,7,987,oni,Realize,380
4,4.7,8,884,ura,äñªËªÇª­ªëª³ªÈªÏªÞªÀª¢ªëª«ª¤(×ê),429
4,4.7,7,151,oni,«Õ«¡«ó«¿«¸?«¾?«ó OPA-OPA! -GMT remix-,537
4,4.7,8,268,oni,Ò³?ª·ª¯ªÆ,378
4,4.7,8,728,oni,÷¼åÕÍ§«Ç«¹«³,633
4,4.7,8,1003,oni,ÙÞ,312
4,4.7,8,1157,oni,«ê«ó«ÀªÏÐÑìíªâï¾û¿ðà,444
4,4.7,8,420,oni,êÅªËõ¿ê£ü¤ªËù¦,382
4,4.7,8,897,oni,«Ò«ß«Ä«­«Á«å?«Ð?,393
4,4.7,7,109,oni,Many wow bang!,478
4,4.7,7,146,oni,«·«ª«««éï½,432
4,4.7,8,530,oni,I my moko,465
4,4.7,8,950,oni,Mani Mani(Prod. TAKU INOUE),463
4,4.7,8,82,oni,«Ñ«êªÎ«¢«á«ê««ìÑ,463
4,4.6,8,256,oni,ªáª¶ª»«Ý«±«â«ó«Þ«¹«¿? -20th Anniversary-,302
4,4.6,7,984,oni,««£¡««£¡««£¡«««ß«º«â?«É£¡,446
4,4.6,7,1304,oni,who are you? who are you?,575
4,4.6,7,1111,oni,ÎÖÚª,466
4,4.6,8,1203,oni,ÙÓª¦ªÄªÄ«««¿«ë«·«¹,433
4,4.6,8,448,oni,ß²?ô¹?Ùñ,450
4,4.6,8,556,oni,Þçì¤èâÞçª¸ªãªÊª¤ªÎ,344
4,4.6,8,915,oni,ÛÜìí,319
4,4.6,7,149,oni,«µ«¿«Ç?÷¼ÍÕ«Õ«£?«Ð?,437
4,4.6,7,1138,oni,«Á«­«Á«­«Ð«ó«Ð«ó,448
4,4.6,7,1010,oni,ªÉªóªÁªãªóëåÔé,472
4,4.6,7,1274,oni,ù¦Øª«â«¸«å?«ë6768,644
4,4.6,7,1089,oni,ä¹áóÔþªÁªãªó,461
4,4.6,7,542,oni,«É«é«´«ó«Ü?«ë«Ò?«í?«º «´«Ã«É«ß«Ã«·«ç«ó«·«ê?«º «Æ?«Þ«½«ó«°,389
4,4.6,7,693,oni,ë¯ûã,569
4,4.5,7,1053,oni,øÁÔõêÂÜóüÅ«É«ó vs ðè??«««Ã,555
4,4.5,7,107,oni,??ªÃí­«â«ó«¹«¿?,557
4,4.5,7,644,oni,ª¢ªóªºªÎª¦ª¿,526
4,4.5,8,618,oni,ÏÖªÎ«×«é«Í«Ã«È,450
4,4.5,7,1237,oni,Mood Swing,552
4,4.5,8,489,oni,R.Y.U.S.E.I.,371
4,4.5,8,607,oni,PERFECT HUMAN,365
4,4.5,7,1152,oni,Smile & Go!!,494
4,4.5,8,801,oni,á¦Í£ªÏª¢ªÊª¿ªËáÅª¤ª«ª±ªÆª¤ªë,351
4,4.5,7,889,oni,via lactea,593
4,4.5,7,203,oni,í»ÝÂREST@RT,567
4,4.5,7,274,oni,õëá§,654
4,4.5,7,281,oni,GO MY WAY!!,568
4,4.5,7,323,oni,Phoenix,555
4,4.5,7,1262,oni,Phoenix(ªËª¸ªµªóª¸),555
4,4.4,7,1116,oni,«ß«Ã«¯«¹«Ê«Ã«Ä,412
4,4.4,7,380,oni,«ì«¤«ó,299
4,4.4,7,1103,oni,ãêªÃªÝª¤ªÊ,468
4,4.4,7,500,oni,ýñØÐªØªÎ«á«í«Ç«£?,672
4,4.4,7,193,oni,«¹«¯«í?«ë?«ß««,765
4,4.4,7,390,oni,SORA-II «°«ê?«¼581,567
4,4.4,7,74,oni,ÛÜÙÞª­ªãªéªáªëÙÓü³ªÎªïª¿ª¢ªá,634
4,4.4,7,1314,oni,«ª«ì«ó«¸,439
4,4.4,7,49,oni,«µ«ó«Ð «¢«ì«°«ê?«¢,619
4,4.4,7,1228,oni,?ù¦«ª?«ë«Ð«Ã«¯(feat.Ê°äñ«æ«­),571
4,4.4,7,111,oni,??ªÎð®ªê,777
4,4.4,7,1194,oni,ÞçªÏõÌ?,435
4,4.4,7,81,oni,ÎßúÂÍØð¯7Ûãª«ªé,541
4,4.4,7,1275,oni,àøñ¨ªï?ªÉ,512
4,4.4,7,1175,oni,"IAM (feat. Shogo, Tsubasa)",591
4,4.3,7,997,oni,twinkle night (feat. somunia),590
4,4.3,7,1026,oni,â²Ö¥ü£,644
4,4.3,7,1193,oni,«ª«È«Ê«Ö«ë?,446
4,4.3,7,773,oni,Ù¤Ó­ª·?ª»ªèëàÒ³,487
4,4.3,7,1233,oni,ð¯«¼«íÊï,423
4,4.3,7,1251,oni,«ê«Ò«È,403
4,4.3,7,307,oni,ìÛíºªÏõÌÍÔ,604
4,4.3,7,828,oni,«í«­,576
4,4.3,7,1176,oni,Crush (Prod. SHOW),502
4,4.3,7,222,oni,«á«¿«Ê«¤«ÈªÎæ½ã©«á«É«ì?,655
4,4.3,7,1197,oni,Re£ºEnd of a Dream,602
4,4.3,7,1335,oni,Storyteller,422
4,4.3,7,1150,oni,?úÂß¤Ê°,436
4,4.3,7,135,oni,?ûåªÊô¸ÞÅªÎ«Æ?«¼,345
4,4.2,7,1292,oni,«À«ó«¹«Û?«ë,472
4,4.2,7,1209,oni,«¢«¤«É«ë,479
4,4.2,7,861,oni,«Ê«ó«»«ó«¹Ùþ?,416
4,4.2,7,443,oni,«æ«¦«¬«ª«Î«­«ß,480
4,4.2,7,654,oni,GERMINATION,616
4,4.2,7,1303,oni,«Ï«Ã«Ô?«·«ó«»«µ«¤«¶,331
4,4.2,7,1061,oni,«·«ë?«ô?«×«ì«¸«Ç«ó«È,436
4,4.2,7,973,oni,PONPOKO RHYTHM,554
4,4.2,7,300,oni,Mulberry,544
4,4.2,7,1142,oni,?«²«Ð,393
4,4.2,7,444,oni,«Æ«ë«ß«óÎÊßÌÍØ,401
4,4.2,7,1327,oni,ªÏª¤ªèªíª³ªóªÇ,395
4,4.2,7,126,oni,«·«ó«Õ«©«Ë«Ã«¯ «É«ë«¢?«¬,420
4,4.2,7,792,oni,only my railgun,429
4,4.1,7,345,oni,«é?«á«ó de Yo-Men!!,487
4,4.1,7,1337,oni,îïÕôDive,535
4,4.1,7,1126,oni,ª¯ªéªÙªéªìªÃí­,469
4,4.1,7,951,oni,«¢«¤«É«ëÎÊ?ÞÍ(feat.ñ¥ÔöÏþÙþ),580
4,4.1,7,293,oni,«Ø«¤£¬«ß«¹«¿?«×«í«Õ«§«Ã«µ?,567
4,4.1,7,535,oni,GEEDªÎ?,410
4,4.1,7,1100,oni,Kill My Fortune,627
4,4.1,7,1334,oni,PEACEKEEPER,429
4,4.1,7,689,oni,«´?«´??«­«Ã«Á«ó,558
4,4.1,7,1188,oni,æ½? NI ZHAN,337
4,4.1,7,1027,oni,ù¾ð®ªê / «¸«Ã«¿«ê«ó?«¸«ó,578
4,4.1,7,1162,oni,ªÍªÍªÍªÍªÍªÍªÍªÍ!ÓÞøïñË,451
4,4.1,7,1054,oni,ð¯×¿Êï,540
4,4.1,7,534,oni,Angelic Angel,554
4,4,7,1240,oni,é¸íº,362
4,4,7,285,oni,ô¶Üâ?,831
4,4,7,1293,oni,õÌÍÔÓðÓ¹ïÃ,371
4,4,7,809,oni,«¢«ë«««ê«ì«Ã«È«¦«»«¤,434
4,4,7,1167,oni,Jun Bride,539
4,4,7,1032,oni,Emma,571
4,4,7,276,oni,õðë´,572
4,4,7,348,oni,ªéª¤ªÈªËªóª° ªÑªÃª·ªçªó,577
4,4,7,132,oni,ò¢øÁàÊªÎ«¨«ª«ê«¢,563
4,4,7,278,oni,ü£?,453
4,4,7,169,oni,«É«­«É«­?ªÎåøÊï£¡£¿,473
4,4,7,487,oni,«é«Ã«¹«ó«´«ì«é«¤,556
4,4,7,434,oni,«í«·«¢ÚÅ?«á«É«ì?,468
3,3.9,7,1219,oni,ª¦ªÞªÔªçª¤??,557
3,3.9,7,378,oni,«Ý«Ë?«Æ?«ëªÈ«·«å«·«å,467
3,3.9,7,1326,oni,SHEESH,397
3,3.9,7,551,oni,ïÊÕü,445
3,3.9,7,447,oni,White Rose Insanity,494
3,3.9,7,652,oni,ßõÎÃ,527
3,3.9,7,725,oni,ÖÃ -ZERO-,498
3,3.9,7,547,oni,«ï«ó«À?«â«â?«¤,550
3,3.9,7,84,oni,«««ë«á«ó ðÚÍØìéÛãðûÍØ,518
3,3.9,7,1168,oni,«ª?«Ð?«É,441
3,3.9,7,1149,oni,«Õ«©«Ë«¤,574
3,3.9,7,1230,oni,«Ä«Ð«µ«°«é«Ó«Æ«£,328
3,3.9,7,377,oni,?ªÎ?Û°ï¨,361
3,3.8,7,981,oni,1?2?ªµªóª·ªÎªÇ«É«ó«É«««Ã«««Ã£¡,511
3,3.8,7,469,oni,Ú±?ªØªÎËõ,468
3,3.8,7,44,oni,YouTube«Æ?«Þ«½«ó«°,455
3,3.8,7,1115,oni,ãæãÁÓÛ,542
3,3.8,7,663,oni,ù¦ê££¡«Ð«Áªªà»ßæ,476
3,3.8,7,1269,oni,«Ï«í,386
3,3.8,7,408,oni,Highschool love!,387
3,3.8,7,481,ura,shiny smile(×ê),475
3,3.8,7,1033,oni,Aloft in the wind,441
3,3.8,7,26,oni,?ª¹ªë«Õ«©?«Á«å«ó«¯«Ã«­?,529
3,3.8,7,512,oni,DRIVE A LIVE,456
3,3.8,7,207,oni,«ª?«ë«Ê«¤«Ède«¤«ó«Ç«Ê«¤,555
3,3.8,7,1031,oni,"Hello, Worldooon!!",494
3,3.7,7,315,oni,3Q-4U-AC00,539
3,3.7,7,687,oni,?ãê«¯«í«Ë«¯«ë,567
3,3.7,7,515,oni,DREAMERS' PARADISE,488
3,3.7,7,69,oni,«½«¦«ë«­«ã«ê«Ð?II,471
3,3.7,7,208,oni,ª¤ªÌªÎªªªÞªïªêªµªó,328
3,3.7,7,466,oni,«À«ó?«À«ó «É«¥«Ó?«º«Ð?£¡,384
3,3.7,7,706,oni,?ªÏªßªºª¤ªí,350
3,3.7,7,586,oni,Holding Hands,397
3,3.7,7,648,oni,«Á«§«¤«ó«¯«í«Ë«¯«ë ?Õô?«á«É«ì?,425
3,3.7,7,1087,oni,Streamer,432
3,3.7,7,59,oni,ÜÒªéªÎá¦Í£ªË«À«ó«¹ªò,266
3,3.7,7,1090,oni,«É«é«¤«Õ«é«ï?,243
3,3.6,7,1178,oni,ªïª¿ª·ªÎìéÛãª«ªïª¤ª¤ªÈª³ªí,357
3,3.6,7,341,oni,Walking Through The Towers,481
3,3.6,7,125,oni,«É«é«´«ó«¹«Ô«ê«Ã«È«á«É«ì?,671
3,3.6,7,299,oni,Ùíí±ÝèªÊèÝ,443
3,3.6,7,140,oni,+¡Î(«×«é«¹Ñûí­),583
3,3.6,7,1077,oni,«·«ó«Ç«ì«é,661
3,3.6,7,1131,oni,«é«Ö«ê?X,509
3,3.6,7,1169,oni,ª¤ªíªÏª¹ªÆªÃª×£¡,536
3,3.6,7,516,oni,ª½ªìªÏÜÒª¿ªÁªÎÐôîæ,377
3,3.6,7,1161,oni,Ahoy!! ä²ªé?ñ¤ú­îä?¡Ù,428
3,3.6,7,76,oni,«½?«É«Ð«È«é?«º,414
3,3.6,7,284,oni,«««²«í«¦«Ç«¤«º,480
3,3.5,7,946,oni,«ß«å?«Èª¹ªìªÐª¤ª¤ª¸ªãªó¡£,527
3,3.5,7,436,oni,ª¦ªµª®ªÎª·ªÃªÝ,521
3,3.5,7,1001,oni,ªÊªóªÉªÇªâáÅªªª¦,515
3,3.5,7,608,oni,ªªªµª«ªÊ?ìí£¡ªµª«ªÊ«¯«ó,340
3,3.5,7,1075,oni,Sugar,412
3,3.5,7,736,oni,ìÑªÎªªÑÑªÇ?ë¿ªòãÝª·ª¿ª¤£¡,498
3,3.5,7,493,oni,«¦«ë«È«é«Þ«óX,552
3,3.5,7,1177,oni,good night baby (feat. Moe Shop),405
3,3.5,7,14,oni,öÒóô«Ü«¿«ó,455
3,3.5,7,668,oni,«Ú«ó«Ñ«¤«Ê«Ã«Ý?«¢«Ã«Ý?«Ú«ó(PPAP),156
3,3.5,7,1024,oni,bad guy,389
3,3.5,7,766,oni,«·«ó«¯«í«Ë«·«Æ«£,407
3,3.4,7,611,oni,á¦Í£ªÏª¤ªÄªÇªâ«ß«¹«Æ«ê?,365
3,3.4,7,277,oni,÷ªÛ¯,445
3,3.4,7,631,oni,«·«ã«¤«Ë«ó«°65,495
3,3.4,7,1148,oni,Habit,384
3,3.4,7,1112,oni,CITRUS,297
3,3.4,7,1070,oni,ªÉªóªÁªãªóá¦Í£Õéú¼,573
3,3.4,7,1271,oni,«é?«««ó«Ñ«Í«é,395
3,3.4,7,157,oni,«²«é«²«é«Ý?ªÎª¦ª¿,329
3,3.4,7,460,oni,ªèª¦ª«ª¤?ðÃð¯ìé,272
3,3.4,7,91,oni,ûýàø,376
3,3.4,7,417,oni,Grip & Break down !! -Ó¹ìÑEdit.-,495
3,3.3,7,305,oni,ªÍª§?ª¨ªÆ,404
3,3.3,7,733,oni,JOIN US,420
3,3.3,7,926,oni,Ù¤ªËúîªïªìªÆª¤ªë¡£,379
3,3.3,7,99,oni,«¦«£«ê«¢«à?«Æ«ëßíÍØ,437
3,3.3,7,1220,oni,Destr0yer,405
3,3.3,7,480,oni,ØªÛöªòª«ª±ªÆ£¡,444
3,3.3,7,3,oni,êÃª¤ªÏ«¨«¹«Ú«é«ó«È,507
3,3.3,7,898,oni,God knows...,580
3,3.3,7,580,oni,«¹«Ý?«Ä«À«¤«¸«§«¹«É«ó,436
3,3.3,7,1199,oni,Subtitle,279
3,3.3,7,468,oni,ð®ªê?í­ªÇ«²«é«²«é«Ý?,292
3,3.2,7,771,oni,«««ó«¿?«Ó«ì¡¿«Ñ«Ã«·«ª?«Í,509
3,3.2,7,601,oni,«¹«×«é«È«¥?«ó2 «á«É«ì?,441
3,3.2,7,1155,oni,«¢«á«ê«««ó«Ñ«È«í?«ë,415
3,3.2,7,632,oni,÷¼ÍÕªÎ«Þ?«Á,553
3,3.2,7,1023,oni,DDU-DU DDU-DU,348
3,3.2,7,467,oni,ôø?ßÇªÇ«²«é«²«é«Ý?,282
3,3.2,7,741,oni,«Õ«ê«Õ«ê¢Ü«Î«ê«Î«ê¢Ü,386
3,3.2,6,79,oni,ô¸?ªÈò¢è« ßíÍØ,563
3,3.2,6,51,oni,ª¯ªéª¨£¡«Ö«Ã«È«Ð?«¹«È!!,454
3,3.2,6,1210,oni,«É«­«á«­«À«¤«¢«ê?,457
3,3.2,6,505,oni,«Ê«Ä«â«Î¡Ù,728
3,3.1,6,209,oni,Ì³øÅª¨ªë,580
3,3.1,6,405,oni,ªäªïªéª«?ó³,488
3,3.1,6,317,oni,ÌðªÎ?ªÎ«¢«ê«¹,443
3,3.1,6,793,oni,éëªÈ«Ú«È«é,464
3,3.1,7,1336,oni,«·««ßä«Ç«¤«º,422
3,3.1,7,142,oni,«Õ«¡«Ã«·«ç«ó«â«ó«¹«¿?,374
3,3.1,6,205,oni,ONLY MY NOTE,487
3,3.1,7,267,oni,STAY TUNE,417
3,3.1,6,1117,oni,1?2?3,427
3,3.1,6,422,oni,NeGa/PoSi*«é«Ö/«³?«ë,642
3,3,6,287,oni,Growing Up,603
3,3,6,28,oni,Everyday¡¢«««Á«å?«·«ã,630
3,3,6,782,oni,Marine Mirage,522
3,3,6,301,oni,My Mine,635
3,3,6,709,oni,Reason!!,405
3,3,7,118,oni,ªµªÁªµªÁªËª·ªÆª¢ª²ªë¢Ü,366
3,3,7,273,oni,ÌùÍØ,536
3,3,6,1143,oni,ALIVE(«¢«Ë«á),391
3,3,6,1316,oni,ª¢??ªÃª¹£¡,365
3,3,6,27,oni,«Ø«Ó?«í?«Æ?«·«ç«ó,507
2,2.9,7,1226,oni,?Ìö¡¢?ÎèªËªÆ???,443
2,2.9,7,275,oni,??,471
2,2.9,6,98,oni,ªªªª«Ö«ì«Í«ê,351
2,2.9,7,161,oni,ª´ªáªóªÊªµª¤ªÎKissing You,336
2,2.9,6,661,oni,«¹?«Ñ?«É«é«´«ó«Ü?«ë«Ò?«í?«º «Æ?«Þ«½«ó«°,343
2,2.9,7,199,oni,ªªêÃª¤£¡«·«ó«Ç«ì«é,419
2,2.9,6,1270,oni,ÎßúÂÍØð¯çéÛã¡¸ê¡Ù¤¡¹,414
2,2.9,6,480,ura,ØªÛöªòª«ª±ªÆ£¡(×ê),527
2,2.9,6,210,oni,«¤«ó«Ù?«À?«¤«ó«Ù?«À?,482
2,2.9,6,116,oni,«É«é«´«ó«Ü?«ë«Ò?«í?«º Þ÷?×£«ß«Ã«·«ç«ó«·«ê?«º «Æ?«Þ«½«ó«°,365
2,2.8,6,1181,oni,ÐôßÌô¸èâªÕª·ª®ªòªÉª¦ª¾,231
2,2.8,7,921,oni,8êÅªÎ÷ø,291
2,2.8,6,233,oni,Ù£÷®ïÏ«³«Ê«ó «á«¤«ó?«Æ?«Þ,386
2,2.8,6,678,oni,?,332
2,2.8,7,1208,oni,Ù£Í¯è©ªÐªäª·,558
2,2.8,6,2,oni,ô¸??ö´,406
2,2.8,7,1123,oni,áó?äñï× Practice Love,264
2,2.8,6,250,oni,«é«Ö«½«ó«°ªÏªÈªÞªéªÊª¤ªè,431
2,2.8,6,924,oni,?ªÈù¾,350
2,2.7,6,964,oni,ÎÞ!!!,316
2,2.7,6,694,oni,HOWEVER,304
2,2.7,6,1200,oni,îïÕô«­«ó«°,305
2,2.7,6,198,oni,READY!!,392
2,2.7,6,352,oni,«í«Ü«Ã«È«í«±«ó«í?¡Ù,500
2,2.7,7,35,oni,GLORIOUS RO@D,315
2,2.7,7,583,oni,«½«éªÎ«ß«Á«·«ë«Ù,339
2,2.7,6,1114,oni,«·«ã«¤«Ë«ó«°«¹«¿?,369
2,2.7,6,280,oni,«Þ?«Ö«ë«Ï?«È,487
2,2.6,6,437,oni,éÒï×ªÝªÃª×,594
2,2.6,6,303,oni,ù¾ð®ªê,488
2,2.6,5,122,oni,ÙÓªòª«ªÊª¨ªÆ«É«éª¨ªâªó,321
2,2.6,7,1125,oni,DANCE MONKEY,397
2,2.6,6,913,oni,«®«ó«®«éëÞùÁ,363
2,2.6,6,672,oni,S(mile)ING!,515
2,2.6,6,144,oni,«¨«Ó«««Ë«¯«¹,353
2,2.6,6,511,oni,Shine!!,346
2,2.6,6,1204,oni,Back to Life,275
2,2.5,6,795,oni,?úÂ,345
2,2.5,6,1136,oni,«Û«í«á«óëåÔé,360
2,2.5,6,676,oni,TOKIMEKI«¨«¹«««ì?«È,437
2,2.5,6,613,oni,«¿«¤«à«È«é«Ù«é?,489
2,2.5,6,1078,oni,«¹«È«í«Ù«ê?¡Ù«×«é«Í«Ã«È£¡,464
2,2.5,5,353,oni,«í«Ã«¯«ó?«Ï?«È£¡,384
2,2.5,6,8,oni,õ±ãÁÍö«¢«É«Ù«ó«Á«ã?,420
2,2.5,6,1312,oni,âÁä²?,360
2,2.4,6,332,oni,PON PON PON,407
2,2.4,6,962,oni,úÅâ©,335
2,2.4,6,313,oni,ªªªÐª±ªÎªªÞÂÞÀ,427
2,2.4,6,956,oni,ªÀª«ªéÜÒªÏëå?ªò?ªáª¿,275
2,2.4,6,241,oni,ª­ªåªóªÃ£¡«ô«¡«ó«Ñ«¤«¢«¬?«ë,433
2,2.4,6,236,oni,ª¯ªÞªâªÈ«µ«×«é«¤«º£¡,371
2,2.4,6,790,oni,?õ®,400
2,2.4,6,105,oni,ð¯ÎúÎßúÂÍØ,354
2,2.3,6,115,oni,«É«é«´«ó«Ü?«ë«Ò?«í?«º «®«ã«é«¯«·?«ß«Ã«·«ç«ó«·«ê?«º «Æ?«Þ«½«ó«°,341
2,2.3,6,1084,oni,ÑÒÒþ«ì«¤«ó,435
2,2.3,6,732,oni,ûö,558
2,2.3,6,200,oni,Star!!,346
2,2.3,6,381,oni,?,419
2,2.3,6,1073,oni,«¹«­«¹«­àøìÑ,398
2,2.3,6,1294,oni,ªïªóªÀªÕªëª×ªêª­ªåª¢£¡evolution!!,307
2,2.3,6,9,oni,«­«ßªÈúÂª¯«Ï?«â«Ë?,466
2,2.2,6,204,oni,M@STERPIECE,390
2,2.2,6,1299,oni,ÓÞû¿ª­ªËªÊªìªÐª¤ª¤ªóª¸ªãªÊª¤£¿,304
2,2.2,6,646,oni,«ß«Ä«Ü«·¡Ù¡Ù¡Ú,456
2,2.2,6,1124,oni,Savage Love,272
2,2.2,6,1088,oni,«×«í«ß«¹«¶«¹«¿?,332
2,2.2,6,92,oni,ØÌª­èÝÒ³ªÎª¿ªáªÎ«Ñ«ô«¡?«Ì,383
2,2.2,6,1300,oni,Show Time,277
2,2.1,6,318,oni,ûößä?ÙÓßä?÷¼ÍÕßä,390
2,2.1,6,1102,oni,åïª³ª½«ª«ó«ê?«ï«ó,263
2,2.1,6,1076,oni,AWAY,268
2,2.1,5,245,oni,«ê«ó«À«ê«ó«À,384
2,2.1,6,671,oni,Tulip,410
2,2.1,5,1244,oni,CHEMY¡¿STORY,326
2,2.1,6,1195,oni,ªÒªíª¬ªë«¹«««¤£¡«×«ê«­«å«¢ ¢¦Hero Girls¢¦,319
2,2,6,1144,oni,×¿ÜâªÎíùÚ¹ªÈóúªÎÊ°,508
2,2,6,886,oni,«Ï«í?£¡ªÉªóªÁªãªó,349
2,2,5,271,oni,Extreme MGG¡Ú¡Ú¡Ú,345
2,2,5,368,oni,ªµªóªÝ,371
2,2,6,384,oni,RPG,345
2,2,6,842,oni,ûõÖ¥ü¤,291
2,2,5,25,oni,«Õ«é«¤«ó«°«²«Ã«È,306
1,1.9,5,1201,oni,«É«É«É«É«É«óªÀ«Õ«ë£¡,329
1,1.9,6,1301,oni,AMPTAKxCOLORS,270
1,1.9,6,242,oni,ÏÖªòªÎª»ªÆ,377
1,1.9,6,711,oni,Ì¸ª¿ª³ªÈªâªÊª¤ÌØßä,329
1,1.9,5,197,oni,The world is all one !!,495
1,1.9,5,415,oni,÷¼ÍÕ«é«Ö£¡,521
1,1.8,6,1135,oni,ùÁ?ëåÔé ¢¦ªÕª·ªÅª¯ª·¢¦,400
1,1.8,6,882,oni,ëàÒ³ú°Üø,352
1,1.8,6,482,oni,GOIN'!!!,346
1,1.8,6,1022,oni,«¦«£?«¢?£¡,339
1,1.8,6,582,oni,«­«ßªÈ«Ü«¯ªÎ«ß«é«¤,292
1,1.8,5,366,oni,ª­ªßªÎª¢ª«ªê,382
1,1.7,6,1187,oni,Love You,192
1,1.7,6,177,oni,«Ï«ë«¦«¿,273
1,1.7,6,1074,oni,ì¤ý­Ü¬ñ®ÝÛéÒ The Distance of Love,275
1,1.7,6,1186,oni,Bukan Cinta Biasa,321
1,1.7,5,1055,oni,Baby Shark£¨«Ù«¤«Ó??«·«ã?«¯£©,318
1,1.7,5,1153,oni,ªÛªáªÎªÓ,294
1,1.6,5,36,oni,Let It Go¢¦ª¢ªêªÎªÞªÞªÇ¢¦,361
1,1.6,5,11,oni,ªßªéª¯ªë¡Ù«È«é«Ù«ë,338
1,1.6,5,839,oni,ª¿ªÀÏÖªËôçªì,285
1,1.6,5,936,oni,Smile! Smile! Smile!,165
1,1.6,5,1212,oni,Rat A Tat!!!,251
1,1.6,5,1151,oni,Trust?Last,285
1,1.5,5,272,oni,«ß«å?«¸«Ã«¯?«ê«Ü«ë«Ð?,443
1,1.5,5,246,oni,Ù¥ìíªâ,397
1,1.5,5,1110,oni,ª­ªçª¦ªÏª¿ª¤ª³èøìí,251
1,1.5,5,884,oni,äñªËªÇª­ªëª³ªÈªÏªÞªÀª¢ªëª«ª¤,296
1,1.5,5,1302,oni,øïß¾?Óé«Ö«ó«Ö«ó«¸«ã?,224
1,1.4,5,101,oni,«³«³«í?ª¬ª»ªÃ£¡,285
1,1.4,5,314,oni,ªªªÉªë«Ý«ó«Ý«³«ê«ó,288
1,1.4,5,1029,oni,«««é«Õ«ë?«Ñ?«Æ«£,225
1,1.4,5,894,oni,ÐÑ,323
1,1.4,5,1218,oni,Úô«ÎÐôîæ,281
1,1.3,5,664,oni,ªÉªóí­ªÎ«Õ«¡?«¹«È«Ç?«È,427
1,1.3,5,430,oni,ªÈªÊªêªÎ«È«È«í,296
1,1.3,5,1118,oni,ªÏªÍªÞªê?ðÃ,302
1,1.3,5,1243,oni,ªÒªÈªêª´ªÄ¢¦«Ð«ó«ÉVer.¢¦,172
1,1.3,5,42,oni,«¢«ó«Ñ«ó«Þ«óªÎ«Þ?«Á,400
1,1.2,5,312,oni,ªèª¯ë´ªÓªèª¯?ªÙ,291
1,1.2,5,877,oni,Óï??Ùñ,399
1,1.2,5,824,oni,«É«é«Þ«Ä«ë«®?,199
1,1.2,5,492,oni,äñø¦,145
1,1.1,5,831,oni,«²«²«²ªÎÐ¡÷¼?,155
1,1.1,5,604,oni,ª¤ªÄªâù¼ÓøªÇªâ,229
1,1.1,5,974,oni,æú,216
1,1.1,5,231,oni,ùÚÍ£ÔÍ÷ò¡¿«µ«Ð«¤«Ð?,198
1,1,5,333,oni,äðªÎß¾ªÎ«Ý«Ë«ç,225
1,1,5,895,oni,HIMAWARI HAPPY,173
1,1,5,811,oni,ª¢ªÊª¿ªÈ«È«¥«é«Ã«¿«Ã«¿¢Ü,145
,1,5,235,oni,ªâªêªÎª¯ªÞªµªó,197
